;index;ID;SPECIES;ORIGIN_COUNTRY;LOT_NUMBER;ALTITUDE;ALTITUDE_UOM_NN;AROMA;FLAVOR;AFTERTASTE;ACIDITY;BODY;BALANCE;UNIFORMITY;CLEAN_CUP;SWEETNESS;CUPPER_POINTS;MOISTURE;CATEGORY_ONE_DEFECTS;COLOR;LOT_AVAILABILITY_KG
0;0;1;Arabica;Ethiopia;nan;1950-2200;m;8.67;8.83;8.67;8.75;8.5;8.42;10.0;10.0;10.0;8.75;0.12;0.0;Green;18000.0
1;1;2;Arabica;Ethiopia;nan;1950-2200;m;8.75;8.67;8.5;8.58;8.42;8.42;10.0;10.0;10.0;8.58;0.12;0.0;Green;18000.0
2;3;4;Arabica;Ethiopia;nan;1800-2200;m;8.17;8.58;8.42;8.42;8.5;8.25;10.0;10.0;10.0;8.67;0.11;0.0;Green;19200.0
3;4;5;Arabica;Ethiopia;nan;1950-2200;m;8.25;8.5;8.25;8.5;8.42;8.33;10.0;10.0;10.0;8.58;0.12;0.0;Green;18000.0
4;5;6;Arabica;Brazil;nan;nan;m;8.58;8.42;8.42;8.5;8.25;8.33;10.0;10.0;10.0;8.33;0.11;0.0;Bluish-Green;3000.0
5;6;7;Arabica;Peru;nan;nan;m;8.42;8.5;8.33;8.5;8.25;8.25;10.0;10.0;10.0;8.5;0.11;0.0;Bluish-Green;6900.0
6;9;10;Arabica;Ethiopia;nan;1795-1850;m;8.08;8.58;8.5;8.5;7.67;8.42;10.0;10.0;10.0;8.5;0.1;0.0;Green;3000.0
7;18;19;Arabica;China;YNC-06114;1450;m;8.42;8.25;8.08;8.17;7.92;8.0;10.0;10.0;10.0;8.42;0.1;0.0;Green;180.0
8;22;23;Arabica;Mexico;nan;1320;m;8.17;8.25;8.17;8.0;7.83;8.17;10.0;10.0;10.0;8.58;0.13;0.0;Green;14.0
9;24;25;Arabica;Ethiopia;nan;nan;m;8.42;8.17;7.92;8.17;8.33;8.0;10.0;10.0;10.0;8.08;0.11;0.0;Bluish-Green;6000.0
10;25;26;Arabica;Brazil;nan;1250m;m;8.5;8.5;8.0;8.0;8.0;8.0;10.0;10.0;10.0;7.92;0.12;0.0;Green;180.0
11;27;28;Arabica;Uganda;nan;1950;m;8.42;8.17;8.17;8.17;7.83;7.92;10.0;10.0;10.0;8.17;0.12;0.0;Green;6000.0
12;28;29;Arabica;Honduras;102;1400;m;8.17;8.08;8.08;8.0;8.08;8.0;10.0;10.0;10.0;8.25;0.1;0.0;Green;18975.0
13;31;32;Arabica;Tanzania, United Republic Of;nan;nan;m;8.42;8.17;8.17;8.0;7.58;8.0;10.0;10.0;10.0;8.17;0.11;0.0;Bluish-Green;6000.0
14;32;33;Arabica;Brazil;nan;1300;m;8.5;8.17;8.0;7.75;8.0;8.0;10.0;10.0;10.0;8.0;0.12;0.0;Green;1740.0
15;34;35;Arabica;Ethiopia;nan;1750-1800;m;8.0;8.08;7.92;8.0;8.08;8.08;10.0;10.0;10.0;8.08;0.1;0.0;Green;19200.0
16;35;36;Arabica;Kenya;nan;1800;m;8.08;8.0;8.0;8.25;7.92;7.92;10.0;10.0;10.0;8.08;0.12;0.0;Blue-Green;320.0
17;40;41;Arabica;Thailand;nan;1300;m;7.83;8.33;7.83;8.25;7.58;7.92;10.0;10.0;10.0;8.42;0.1;1.0;Green;53.0
18;43;44;Arabica;Taiwan;nan;1000 m;m;8.08;8.17;7.75;8.08;7.75;7.83;10.0;10.0;10.0;8.42;0.12;0.0;Green;150.0
19;44;45;Arabica;Kenya;nan;1754;m;8.08;8.08;8.0;8.0;7.83;8.08;10.0;10.0;10.0;8.0;0.11;0.0;Bluish-Green;720.0
20;45;46;Arabica;Brazil;nan;1250m;m;8.33;8.0;8.0;8.0;7.75;8.0;10.0;10.0;10.0;8.0;0.11;0.0;Blue-Green;420.0
21;47;48;Arabica;Colombia;nan;900-1500m;m;7.75;7.92;7.83;8.08;8.08;8.17;10.0;10.0;10.0;8.17;0.12;1.0;Green;2.0
22;48;49;Arabica;Kenya;nan;1520m-2200m;m;7.92;8.17;7.83;8.5;7.5;7.92;10.0;10.0;10.0;8.17;0.11;0.0;Green;1.0
23;49;50;Arabica;Uganda;nan;1400-1900m;m;8.25;8.0;7.83;8.08;8.0;7.92;10.0;10.0;10.0;7.92;0.1;0.0;Blue-Green;60.0
24;52;53;Arabica;Guatemala;11/23/0252;nan;m;7.92;8.08;7.92;8.08;8.08;7.83;10.0;10.0;10.0;8.0;0.1;0.0;Green;5520.0
25;53;54;Arabica;Uganda;nan;1400-1900;m;8.17;8.17;7.92;8.08;7.83;7.75;10.0;10.0;10.0;8.0;0.12;0.0;Green;60.0
26;55;56;Arabica;Panama;Baby Geisha Washed;1600;m;8.0;8.0;7.92;8.08;7.83;8.0;10.0;10.0;10.0;8.0;0.08;0.0;Bluish-Green;2220.0
27;56;57;Arabica;Ethiopia;nan;1800-2000;m;7.83;8.08;7.92;8.08;8.0;7.92;10.0;10.0;10.0;8.0;0.1;0.0;Green;19200.0
28;57;58;Arabica;Guatemala;nan;5000;ft;7.83;8.0;8.0;8.17;7.83;8.0;10.0;10.0;10.0;8.0;0.12;0.0;Green;150.0
29;58;59;Arabica;Guatemala;nan;4650;ft;8.0;8.0;7.83;8.33;7.83;7.83;10.0;10.0;10.0;8.0;0.1;0.0;Bluish-Green;275.0
30;59;60;Arabica;Ethiopia;320;nan;m;7.83;8.0;7.83;8.17;7.92;8.0;10.0;10.0;10.0;8.0;0.09;0.0;None;6144000.0
31;61;62;Arabica;Papua New Guinea;nan;1700 mts;m;8.33;8.42;7.83;8.33;8.0;8.25;9.33;9.33;10.0;7.92;0.12;0.0;Bluish-Green;420.0
32;62;63;Arabica;El Salvador;nan;1500 meters;m;7.92;8.17;8.0;7.92;7.75;7.83;10.0;10.0;10.0;8.0;0.1;0.0;Blue-Green;550.0
33;63;64;Arabica;El Salvador;nan;1300~1400 m.s.l;m;7.83;8.0;8.0;7.75;7.92;8.17;10.0;10.0;10.0;7.92;0.11;0.0;None;19.0
34;66;67;Arabica;Kenya;nan;1900m;m;7.92;7.92;7.83;8.08;7.83;7.92;10.0;10.0;10.0;8.0;0.1;0.0;Green;960.0
35;67;68;Arabica;Ethiopia;nan;1800-2000;m;7.83;8.0;7.83;7.92;7.83;8.08;10.0;10.0;10.0;8.0;0.12;0.0;Green;19200.0
36;68;69;Arabica;Uganda;nan;1600;m;8.33;7.92;7.67;7.92;7.67;7.92;10.0;10.0;10.0;8.08;0.12;0.0;Green;19200.0
37;69;70;Arabica;Guatemala;nan;5600-5760 metros;ft;8.0;7.83;7.67;8.33;7.83;8.0;10.0;10.0;10.0;7.83;0.11;0.0;Green;17250.0
38;70;71;Arabica;Ethiopia;nan;1800-2000;m;7.75;7.83;7.83;8.17;7.92;7.83;10.0;10.0;10.0;8.08;0.1;0.0;Green;19200.0
39;71;72;Arabica;Uganda;nan;1950;m;8.08;8.0;7.83;7.67;8.0;7.83;10.0;10.0;10.0;8.0;0.12;0.0;Green;9000.0
40;73;74;Arabica;Brazil;nan;1250m;m;8.0;8.0;8.0;7.67;7.75;8.0;10.0;10.0;10.0;8.0;0.11;0.0;Blue-Green;300.0
41;75;76;Arabica;China;YNC-16115;1700;m;8.0;8.0;8.0;7.83;7.83;7.75;10.0;10.0;10.0;7.92;0.1;0.0;Green;180.0
42;76;77;Arabica;Guatemala;nan;1770;m;7.83;7.75;7.83;7.67;7.83;8.58;10.0;10.0;10.0;7.83;0.11;0.0;Green;1080.0
43;83;84;Arabica;Guatemala;11/23/0177;nan;m;8.0;7.92;7.75;8.0;7.92;7.83;10.0;10.0;10.0;7.83;0.1;0.0;Green;17250.0
44;84;85;Arabica;Colombia;nan;1550 msnm;m;8.17;7.92;7.83;8.0;7.58;7.83;10.0;10.0;10.0;7.92;0.11;0.0;Green;19250.0
45;85;86;Arabica;Colombia;nan;1550;m;7.58;8.08;7.92;7.83;8.0;7.92;10.0;10.0;10.0;7.92;0.12;0.0;Green;17500.0
46;86;87;Arabica;Indonesia;nan;1250-1400 meter;m;7.75;7.83;7.67;8.0;8.08;7.83;10.0;10.0;10.0;8.0;0.11;0.0;Green;3240.0
47;88;89;Arabica;Ethiopia;nan;nan;m;7.75;8.0;7.58;8.0;8.0;7.92;10.0;10.0;10.0;7.83;0.11;0.0;Green;6144000.0
48;90;91;Arabica;Ethiopia;nan;1700;m;8.42;8.0;7.42;8.0;7.92;7.92;9.33;10.0;10.0;8.08;0.1;2.0;Green;6000.0
49;92;93;Arabica;Colombia;nan;2136 msnm;m;7.83;8.0;7.75;7.75;7.83;7.83;10.0;10.0;10.0;8.08;0.11;0.0;Green;17500.0
50;96;97;Arabica;Uganda;6133;1800;m;8.17;7.92;7.75;7.75;7.67;7.75;10.0;10.0;10.0;8.0;0.11;0.0;Green;12000.0
51;98;99;Arabica;Costa Rica;LP-C211-180;1900;m;7.83;8.0;7.58;7.92;7.92;7.83;10.0;10.0;10.0;7.92;0.12;1.0;Green;1656.0
52;99;100;Arabica;Mexico;Mezcla Veracruz 01;1300;m;7.83;8.0;7.83;7.75;7.67;7.83;10.0;10.0;10.0;8.08;0.09;0.0;Green;30.0
53;100;101;Arabica;Kenya;CN 11462 AA;-1;m;8.17;7.83;7.92;7.75;7.67;7.83;10.0;10.0;10.0;7.83;0.11;0.0;Green;10200.0
54;102;103;Arabica;Brazil;nan;1100m;m;8.0;8.0;7.83;7.83;7.67;7.67;10.0;10.0;10.0;8.0;0.12;0.0;Green;1860.0
55;107;108;Arabica;Colombia;nan;de 1600 a 1950 msnm;m;7.92;7.83;7.75;7.83;7.75;8.0;10.0;10.0;10.0;7.83;0.12;0.0;Green;17640.0
56;108;109;Arabica;Taiwan;nan;800 m;m;7.67;7.83;8.0;7.58;8.0;7.92;10.0;10.0;10.0;7.92;0.11;0.0;Green;800.0
57;109;110;Arabica;Tanzania, United Republic Of;nan;1620m;m;8.0;7.83;7.83;7.92;7.75;7.75;10.0;10.0;10.0;7.83;0.12;0.0;Green;8040.0
58;110;111;Arabica;Colombia;nan;de 1600 a 1950 msnm;m;7.75;7.92;7.83;7.75;7.75;8.0;10.0;10.0;10.0;7.92;0.11;0.0;Green;3500.0
59;112;113;Arabica;Brazil;nan;1200m;m;8.0;7.92;7.75;7.75;8.0;7.75;10.0;10.0;10.0;7.75;0.11;0.0;Green;240.0
60;113;114;Arabica;Brazil;nan;1000 m;m;8.0;8.0;7.75;8.0;7.5;7.75;10.0;10.0;10.0;7.92;0.12;0.0;Green;600.0
61;116;117;Arabica;Uganda;nan;1400-1900;m;7.75;7.92;7.67;7.67;8.25;7.75;10.0;10.0;10.0;7.83;0.12;0.0;Green;60.0
62;120;121;Arabica;Thailand;MCTFHMG15/16;nan;m;7.75;7.75;7.75;7.75;8.0;7.75;10.0;10.0;10.0;8.0;0.12;0.0;Green;2500.0
63;121;122;Arabica;Kenya;nan;1800;m;7.92;7.83;7.58;7.92;7.75;7.83;10.0;10.0;10.0;7.92;0.13;0.0;Green;9000.0
64;122;123;Arabica;Honduras;nan;1450 msnm;m;7.83;7.75;8.0;7.67;7.67;7.67;10.0;10.0;10.0;8.17;0.11;0.0;Green;275.0
65;126;127;Arabica;Indonesia;1;1200;m;7.92;7.83;7.75;7.75;7.75;7.75;10.0;10.0;10.0;7.92;0.12;0.0;Green;2.0
66;127;128;Arabica;Japan;MCRKPBG 15/16;170;m;7.75;7.75;7.75;7.42;8.08;7.83;10.0;10.0;10.0;8.08;0.12;0.0;Green;20.0
67;128;129;Arabica;Costa Rica;Tarrazu;1150;m;8.08;7.75;7.67;7.83;7.5;7.92;10.0;10.0;10.0;7.92;0.1;0.0;Blue-Green;1035.0
68;129;130;Arabica;Guatemala;11/08/0109;1600;m;7.75;7.83;7.58;8.0;7.92;7.75;10.0;10.0;10.0;7.83;0.1;0.0;Green;4080.0
69;132;133;Arabica;Costa Rica;nan;1750m;m;7.67;7.58;7.75;7.75;7.67;8.58;10.0;10.0;10.0;7.67;0.08;0.0;Green;1380.0
70;133;134;Arabica;Costa Rica;nan;1200;m;8.0;7.58;7.83;7.75;7.75;7.75;10.0;10.0;10.0;8.0;0.11;0.0;Green;275.0
71;135;136;Arabica;Taiwan;nan;1000 m;m;8.0;7.92;7.75;7.75;7.75;7.75;10.0;10.0;10.0;7.75;0.11;0.0;Green;300.0
72;137;138;Arabica;Kenya;nan;2000;m;7.75;7.92;7.83;8.0;7.58;7.75;10.0;10.0;10.0;7.83;0.11;0.0;Bluish-Green;14100.0
73;138;139;Arabica;Guatemala;nan;4300;ft;8.0;7.83;7.67;7.83;7.67;8.0;10.0;10.0;10.0;7.67;0.11;0.0;Green;250.0
74;139;140;Arabica;Guatemala;nan;5000;ft;7.67;7.83;7.67;8.0;7.67;7.83;10.0;10.0;10.0;8.0;0.12;0.0;Green;125.0
75;141;142;Arabica;Uganda;nan;1700-1850m;m;7.92;7.83;7.75;7.92;7.67;7.75;10.0;10.0;10.0;7.83;0.11;0.0;Blue-Green;19200.0
76;144;145;Arabica;Kenya;10NG0093;1754;m;7.92;7.75;7.83;7.75;7.58;7.92;10.0;10.0;10.0;7.83;0.11;0.0;Blue-Green;3960.0
77;147;148;Arabica;Kenya;nan;1800;m;7.83;7.83;7.83;7.75;7.58;7.83;10.0;10.0;10.0;7.92;0.1;0.0;Bluish-Green;6000.0
78;148;149;Arabica;Guatemala;nan;5000 ft.;ft;7.75;7.83;7.67;7.92;7.75;7.83;10.0;10.0;10.0;7.83;0.11;0.0;Green;17250.0
79;149;150;Arabica;Guatemala;nan;4000 psn;ft;8.0;7.92;7.67;7.58;7.58;7.67;10.0;10.0;10.0;8.17;0.09;0.0;Green;17250.0
80;154;155;Arabica;Costa Rica;nan;1450 ~ 1700 m;m;7.75;7.83;7.75;8.0;7.83;7.67;10.0;10.0;10.0;7.75;0.12;0.0;Bluish-Green;1.0
81;155;156;Arabica;Colombia;nan;1800 msnm;m;7.42;7.67;7.75;7.75;8.08;7.83;10.0;10.0;10.0;8.08;0.11;0.0;Green;17500.0
82;156;157;Arabica;Brazil;nan;1300m;m;8.0;8.0;7.75;7.75;7.58;7.75;10.0;10.0;10.0;7.75;0.12;0.0;Green;2220.0
83;157;158;Arabica;Brazil;nan;1100m;m;8.5;8.0;7.5;7.75;7.5;7.83;10.0;10.0;10.0;7.5;0.11;0.0;Blue-Green;2100.0
84;158;159;Arabica;Costa Rica;S015.367;1200;m;7.92;7.67;7.92;7.75;7.67;7.58;10.0;10.0;10.0;8.0;0.1;0.0;Bluish-Green;5218125.0
85;159;160;Arabica;Uganda;035/170/5071146????;1750;m;7.92;7.75;7.67;7.75;7.83;7.75;10.0;10.0;10.0;7.83;0.11;0.0;Green;2400000.0
86;160;161;Arabica;China;YNC-16018;1680;m;7.75;7.92;7.67;7.83;7.75;7.67;10.0;10.0;10.0;7.92;0.1;0.0;Green;180.0
87;162;163;Arabica;Colombia;nan;1800;m;8.08;7.67;7.83;7.83;7.67;7.67;10.0;10.0;10.0;7.75;0.12;1.0;Green;550.0
88;164;165;Arabica;Guatemala;nan;4300;ft;8.17;7.83;7.67;7.83;7.67;7.83;10.0;10.0;10.0;7.5;0.11;0.0;Green;17250.0
89;165;166;Arabica;Kenya;nan;2000 m;m;7.92;7.83;7.67;8.0;7.67;7.75;10.0;10.0;10.0;7.67;0.11;0.0;Blue-Green;14100.0
90;166;167;Arabica;Mexico;nan;1350;m;8.0;7.92;7.42;8.08;7.5;7.67;10.0;10.0;10.0;7.92;0.12;0.0;Green;56.0
91;168;169;Arabica;Guatemala;nan;nan;m;7.67;8.0;7.67;8.0;7.5;7.83;10.0;10.0;10.0;7.83;0.11;0.0;Green;17250.0
92;171;172;Arabica;Costa Rica;5-0015-0231;1300;m;7.58;7.83;7.83;8.0;7.67;7.58;10.0;10.0;10.0;7.92;0.1;0.0;Blue-Green;18975.0
93;175;176;Arabica;Taiwan;nan;1200m;m;7.83;7.83;7.75;8.0;7.5;7.75;10.0;10.0;10.0;7.75;0.11;0.0;Blue-Green;4.0
94;179;180;Arabica;Kenya;K25159;1800;m;7.33;7.58;7.83;7.75;7.75;7.92;10.0;10.0;10.0;8.17;0.11;0.0;Green;9000.0
95;180;181;Arabica;Honduras;152;1500;m;7.92;8.0;7.75;7.67;7.67;7.75;10.0;10.0;10.0;7.58;0.1;0.0;Green;18150.0
96;182;183;Arabica;Honduras;76;1500;m;7.58;7.92;7.58;7.75;7.92;7.75;10.0;10.0;10.0;7.83;0.11;0.0;Green;18975.0
97;184;185;Arabica;Colombia;nan;442 msnm;m;7.75;7.67;8.0;7.67;8.08;7.83;10.0;10.0;10.0;7.33;0.11;6.0;Green;17500.0
98;186;187;Arabica;Mexico;nan;1700;m;8.0;7.75;7.75;7.83;7.5;7.67;10.0;10.0;10.0;7.83;0.12;0.0;Blue-Green;8000.0
99;191;192;Arabica;Taiwan;2017?????? NANTOU COFFEE EVALUATION EVENT 2017;1000;m;7.92;7.75;7.75;7.67;7.67;7.83;10.0;10.0;10.0;7.67;0.12;0.0;Blue-Green;50.0
100;192;193;Arabica;Thailand;MCCRNX115/16;1200;m;7.83;7.75;7.75;7.42;7.83;7.67;10.0;10.0;10.0;8.0;0.12;0.0;Green;500.0
101;193;194;Arabica;Colombia;3-59-3461;2560;m;7.83;7.58;7.75;7.58;7.67;8.0;10.0;10.0;10.0;7.83;0.11;0.0;Green;19250.0
102;194;195;Arabica;Guatemala;11/11711/59;1500;m;7.75;7.75;7.58;7.92;7.75;7.75;10.0;10.0;10.0;7.75;0.11;0.0;Green;15870.0
103;195;196;Arabica;Guatemala;11/52/709;3607;ft;7.75;7.92;7.5;8.08;7.58;7.67;10.0;10.0;10.0;7.75;0.1;0.0;Green;18975.0
104;196;197;Arabica;China;YNC-16017;1400;m;7.83;7.83;7.58;7.75;7.75;7.75;10.0;10.0;10.0;7.75;0.1;0.0;Green;180.0
105;197;198;Arabica;Colombia;nan;de 1600 a 1950 msnm;m;7.67;7.67;7.75;7.75;7.67;7.92;10.0;10.0;10.0;7.83;0.11;0.0;Green;19250.0
106;198;199;Arabica;Colombia;nan;de 1600 a 1950 msnm;m;7.83;7.67;7.75;7.58;7.92;7.75;10.0;10.0;10.0;7.75;0.12;4.0;Green;17360.0
107;199;200;Arabica;Colombia;nan;1800;m;7.83;7.75;7.83;7.58;7.67;7.75;10.0;10.0;10.0;7.83;0.12;0.0;Green;550.0
108;200;201;Arabica;Colombia;nan;442 msnm;m;7.42;7.67;7.83;7.75;7.92;7.83;10.0;10.0;10.0;7.83;0.12;3.0;Green;17500.0
109;201;202;Arabica;Tanzania, United Republic Of;nan;1620m;m;7.83;7.67;7.75;7.83;7.67;7.67;10.0;10.0;10.0;7.83;0.12;0.0;Green;600.0
110;202;203;Arabica;Tanzania, United Republic Of;nan;1600;m;7.83;7.75;7.75;7.75;7.67;7.75;10.0;10.0;10.0;7.75;0.12;0.0;Green;3900.0
111;203;204;Arabica;Guatemala;nan;4000 psnm;ft;7.83;7.83;7.5;7.92;7.58;7.75;10.0;10.0;10.0;7.83;0.1;0.0;Green;17250.0
112;204;205;Arabica;Colombia;nan;1700;m;7.58;7.5;7.75;7.83;7.92;7.83;10.0;10.0;10.0;7.83;0.11;0.0;Green;17500.0
113;206;207;Arabica;Mexico;nan;1450;m;7.83;7.92;7.67;7.83;7.5;7.75;10.0;10.0;10.0;7.75;0.12;0.0;Green;10.0
114;207;208;Arabica;Mexico;nan;1170;m;7.83;7.83;7.75;7.67;7.83;7.58;10.0;10.0;10.0;7.75;0.12;0.0;Green;20.0
115;208;209;Arabica;Mexico;nan;1400;m;7.83;7.92;7.67;7.75;7.5;7.75;10.0;10.0;10.0;7.83;0.1;0.0;Bluish-Green;250.0
116;209;210;Arabica;Uganda;nan;1700m;m;8.17;7.75;7.58;7.67;7.83;7.58;10.0;10.0;10.0;7.67;0.13;4.0;Green;60.0
117;210;211;Arabica;Guatemala;11/23/0365;1700;m;7.75;7.83;7.58;7.83;7.67;7.75;10.0;10.0;10.0;7.75;0.13;0.0;Green;3450.0
118;212;213;Arabica;Costa Rica;EC-1180;1700;m;7.92;7.75;7.67;7.67;7.5;7.67;10.0;10.0;10.0;8.0;0.09;0.0;Bluish-Green;10350.0
119;213;214;Arabica;Guatemala;11/52/1170;3664;ft;7.75;7.75;7.58;8.0;7.67;7.83;10.0;10.0;10.0;7.58;0.11;0.0;Green;18975.0
120;214;215;Arabica;Guatemala;11/752/01;1565;m;7.75;7.92;7.58;7.92;7.67;7.67;10.0;10.0;10.0;7.67;0.1;0.0;Green;26013.0
121;215;216;Arabica;Guatemala;11/23/0335;3280;m;7.58;7.83;7.58;7.83;7.83;7.67;10.0;10.0;10.0;7.83;0.1;0.0;Green;8970.0
122;217;218;Arabica;Nicaragua;nan;de 900 a 1100 msnm;m;7.67;7.83;7.83;7.5;7.67;7.83;10.0;10.0;10.0;7.83;0.12;0.0;Bluish-Green;550.0
123;220;221;Arabica;Ethiopia;nan;1545-1668 masl;m;7.5;7.92;7.58;7.83;7.75;7.83;10.0;10.0;10.0;7.75;0.1;0.0;Green;19200.0
124;221;222;Arabica;Tanzania, United Republic Of;nan;1400;m;7.92;7.75;7.75;7.75;7.75;7.58;10.0;10.0;10.0;7.67;0.13;0.0;Green;600.0
125;222;223;Arabica;Colombia;nan;1530;m;7.67;7.5;7.67;7.42;7.83;8.58;10.0;10.0;10.0;7.5;0.12;0.0;Green;250.0
126;224;225;Arabica;Kenya;nan;approx. 1'500 metres a.s.l.;m;7.58;7.75;7.75;7.75;7.75;7.83;10.0;10.0;10.0;7.75;0.08;0.0;Green;5400000.0
127;225;226;Arabica;Brazil;nan;894m - 1183m;m;7.58;7.83;7.75;7.67;7.67;8.0;10.0;10.0;10.0;7.67;0.11;0.0;Green;2.0
128;226;227;Arabica;Guatemala;nan;4300;ft;7.92;7.75;7.67;7.67;7.83;7.92;10.0;10.0;10.0;7.42;0.11;0.0;Green;17250.0
129;227;228;Arabica;El Salvador;nan;1500 meters;m;8.42;8.08;7.5;7.17;7.58;8.17;9.33;10.0;10.0;7.92;0.11;0.0;Bluish-Green;550.0
130;229;230;Arabica;Guatemala;nan;nan;m;7.83;7.5;7.5;8.0;7.83;7.83;10.0;10.0;10.0;7.67;0.11;0.0;Bluish-Green;275.0
131;230;231;Arabica;Uganda;nan;1500-1700m;m;7.83;7.75;7.5;7.83;7.83;7.75;10.0;10.0;10.0;7.67;0.11;0.0;Green;19200.0
132;231;232;Arabica;Indonesia;1;nan;m;7.81;7.88;7.56;7.75;7.63;7.75;10.0;10.0;10.0;7.75;0.12;0.0;Bluish-Green;4.0
133;233;234;Arabica;Taiwan;2016 Tainan Coffee Cupping Event Micro Lot ?????????;968;m;7.58;7.67;7.67;7.67;7.75;7.83;10.0;10.0;10.0;7.92;0.1;0.0;Bluish-Green;200.0
134;234;235;Arabica;Guatemala;11/23/0178;nan;m;8.0;7.75;7.5;7.58;7.92;7.67;10.0;10.0;10.0;7.67;0.1;0.0;Green;3450.0
135;236;237;Arabica;Guatemala;nan;1550;m;7.58;7.75;7.67;8.0;7.75;7.67;10.0;10.0;10.0;7.67;0.1;0.0;Bluish-Green;2.0
136;238;239;Arabica;Mexico;nan;1480;m;7.67;7.75;7.67;7.75;7.67;7.75;10.0;10.0;10.0;7.83;0.11;1.0;Green;300.0
137;241;242;Arabica;Ethiopia;S3/01/2017;1800;m;7.83;7.75;7.67;7.75;7.33;7.75;10.0;10.0;10.0;7.92;0.11;3.0;Green;19200.0
138;242;243;Arabica;Honduras;96;1500;m;7.42;7.83;7.75;7.92;7.75;7.58;10.0;10.0;10.0;7.75;0.1;0.0;Green;18150.0
139;243;244;Arabica;Guatemala;nan;5440 - 5760 metros;ft;7.67;7.83;7.58;7.92;7.75;7.67;10.0;10.0;10.0;7.58;0.12;0.0;Green;18975.0
140;244;245;Arabica;Colombia;nan;1600;m;7.67;7.67;7.83;7.58;7.58;7.83;10.0;10.0;10.0;7.83;0.11;2.0;Green;250.0
141;245;246;Arabica;Guatemala;nan;4000 psnm;ft;7.92;7.67;7.42;7.92;7.75;7.83;10.0;10.0;10.0;7.5;0.1;0.0;Green;17250.0
142;246;247;Arabica;Guatemala;nan;4000 psnm;ft;7.75;7.83;7.5;7.83;7.58;7.67;10.0;10.0;10.0;7.83;0.1;0.0;Green;17250.0
143;247;248;Arabica;Colombia;nan;1480;m;7.67;7.75;7.67;7.67;7.67;7.75;10.0;10.0;10.0;7.83;0.12;0.0;Green;250.0
144;248;249;Arabica;Colombia;nan;1450;m;7.58;7.42;7.75;7.92;7.75;7.92;10.0;10.0;10.0;7.67;0.12;0.0;Green;17500.0
145;249;250;Arabica;Colombia;nan;de 1600 a 1950 msnm;m;7.67;7.67;7.5;7.5;7.67;7.67;10.0;10.0;10.0;8.33;0.12;0.0;Green;9660.0
146;250;251;Arabica;Ethiopia;nan;1550 m;m;7.75;7.75;7.5;7.58;7.67;7.92;10.0;10.0;10.0;7.83;0.09;4.0;Green;3000.0
147;251;252;Arabica;Brazil;nan;1260;m;7.58;7.83;7.67;7.25;8.0;7.75;10.0;10.0;10.0;7.92;0.1;0.0;Green;19200.0
148;252;253;Arabica;Colombia;nan;1700 msnm;m;7.67;7.83;7.67;7.75;7.67;7.75;10.0;10.0;10.0;7.67;0.11;0.0;Green;18900.0
149;254;255;Arabica;Thailand;nan;nan;m;7.92;8.17;8.17;8.42;8.08;8.17;8.67;8.67;9.33;8.42;0.12;0.0;Green;2.0
150;256;257;Arabica;Uganda;nan;1700m;m;7.92;7.75;7.58;7.67;7.67;7.83;10.0;10.0;10.0;7.58;0.1;10.0;Green;19200.0
151;259;260;Arabica;Mexico;101;1300;m;7.83;7.83;7.58;7.92;7.42;7.5;10.0;10.0;10.0;7.83;0.11;0.0;Green;13800.0
152;260;261;Arabica;Thailand;INT-2015;1350;m;7.67;7.75;7.5;7.67;7.67;7.83;10.0;10.0;10.0;7.83;0.1;0.0;Bluish-Green;1800.0
153;261;262;Arabica;Brazil;007/16E;934;m;7.58;7.67;7.67;7.75;7.58;7.83;10.0;10.0;10.0;7.83;0.11;0.0;Green;19200.0
154;262;263;Arabica;Taiwan;Tsoustructive 2015 Typica;1200;m;7.83;7.75;7.83;7.75;7.83;7.75;9.33;10.0;10.0;7.83;0.11;0.0;Green;1000.0
155;263;264;Arabica;Colombia;3-59-1772;442;m;7.75;7.67;7.5;7.75;7.83;7.75;10.0;10.0;10.0;7.67;0.11;1.0;Green;17500.0
156;269;270;Arabica;Taiwan;nan;950??;m;8.0;7.92;7.92;7.92;7.67;7.33;10.0;10.0;10.0;7.17;0.06;0.0;Green;600.0
157;270;271;Arabica;Colombia;nan;1550;m;7.67;7.83;7.67;7.75;7.67;7.83;10.0;10.0;10.0;7.5;0.12;0.0;Green;17500.0
158;271;272;Arabica;Mexico;nan;900;m;7.67;7.75;7.58;7.67;7.75;7.83;10.0;10.0;10.0;7.67;0.12;10.0;Blue-Green;48.0
159;277;278;Arabica;Guatemala;11/11711/60;1500;m;7.75;7.75;7.5;7.75;7.83;7.58;10.0;10.0;10.0;7.67;0.11;0.0;Green;6900.0
160;281;282;Arabica;Ethiopia;nan;1650-1703;m;7.75;7.75;7.67;7.67;7.58;7.67;10.0;10.0;10.0;7.75;0.12;0.0;Green;19200.0
161;283;284;Arabica;Costa Rica;nan;1200-1400;m;7.83;7.42;7.5;7.83;7.75;7.83;10.0;10.0;10.0;7.67;0.1;0.0;Green;250.0
162;284;285;Arabica;Guatemala;nan;4000 psnm;ft;7.58;7.83;7.33;8.0;7.58;7.75;10.0;10.0;10.0;7.75;0.1;0.0;Green;17250.0
163;285;286;Arabica;Brazil;nan;1260;m;7.92;7.5;7.33;7.67;8.17;7.5;10.0;10.0;10.0;7.75;0.1;0.0;Green;19200.0
164;287;288;Arabica;Colombia;nan;1750 msnm;m;7.67;7.58;7.58;7.83;7.58;7.67;10.0;10.0;10.0;7.92;0.11;0.0;Green;17500.0
165;288;289;Arabica;Guatemala;nan;4300;ft;7.5;7.83;7.5;7.83;7.83;7.67;10.0;10.0;10.0;7.67;0.11;0.0;Green;17250.0
166;289;290;Arabica;Mexico;nan;1218;m;7.67;8.0;7.67;7.42;7.67;7.5;10.0;10.0;10.0;7.92;0.1;0.0;Green;20.0
167;291;292;Arabica;Brazil;nan;1.250 m;m;7.83;7.83;7.58;7.67;7.5;7.58;10.0;10.0;10.0;7.83;0.12;0.0;Green;300.0
168;295;296;Arabica;Kenya;sc 9693;1800;m;7.75;7.58;7.5;7.58;7.75;7.75;10.0;10.0;10.0;7.83;0.11;0.0;Green;12000.0
169;296;297;Arabica;Brazil;019/17;890;m;7.67;7.67;7.58;7.75;7.67;7.67;10.0;10.0;10.0;7.75;0.11;0.0;Green;19200.0
170;297;298;Arabica;Colombia;3-59-0075;442;m;7.83;7.83;7.58;7.58;7.58;7.58;10.0;10.0;10.0;7.75;0.11;0.0;Green;19250.0
171;300;301;Arabica;China;YNC-16063;1650;m;7.83;7.75;7.67;7.5;7.58;7.67;10.0;10.0;10.0;7.75;0.1;0.0;Green;180.0
172;302;303;Arabica;Uganda;nan;1400;m;8.0;7.92;7.58;7.75;7.33;7.5;10.0;10.0;10.0;7.67;0.12;0.0;Green;19200.0
173;307;308;Arabica;Colombia;nan;1750;m;7.75;7.67;7.75;7.58;7.42;8.0;10.0;10.0;10.0;7.58;0.11;0.0;Green;19250.0
174;309;310;Arabica;Mexico;nan;700;m;7.83;7.58;7.58;7.5;7.75;7.67;10.0;10.0;10.0;7.83;0.13;5.0;None;10.0
175;314;315;Arabica;Brazil;020/17;890;m;7.67;7.83;7.5;7.67;7.67;7.5;10.0;10.0;10.0;7.83;0.11;0.0;Green;19200.0
176;315;316;Arabica;Kenya;SC 9634;1700;m;8.08;7.67;7.67;7.58;7.25;7.67;10.0;10.0;10.0;7.75;0.11;0.0;Bluish-Green;12000.0
177;316;317;Arabica;Honduras;103;1400;m;7.5;7.5;7.67;7.67;8.0;8.0;10.0;10.0;10.0;7.33;0.1;0.0;Green;19665.0
178;317;318;Arabica;Nicaragua;606118 / K1730101;1250;m;7.67;7.75;7.67;7.67;7.83;7.58;10.0;10.0;10.0;7.5;0.1;0.0;Green;18975.0
179;318;319;Arabica;Brazil;008/16A;934;m;7.58;7.75;7.58;7.75;7.58;7.58;10.0;10.0;10.0;7.83;0.11;0.0;Green;19200.0
180;319;320;Arabica;Taiwan;Tsoustructive 2015 Caturra;1200;m;7.5;7.67;7.33;7.92;7.83;7.67;10.0;10.0;10.0;7.75;0.1;0.0;Bluish-Green;1000.0
181;320;321;Arabica;Costa Rica;8062-1;1350;m;7.33;7.67;7.67;7.5;7.67;7.5;10.0;10.0;10.0;8.33;0.11;0.0;Blue-Green;18975.0
182;321;322;Arabica;Thailand;nan;800++;m;7.5;7.75;7.58;7.83;7.67;7.58;10.0;10.0;10.0;7.75;0.12;0.0;Bluish-Green;1.0
183;323;324;Arabica;Guatemala;nan;4451 metros;ft;8.0;7.5;7.33;8.0;8.0;8.0;9.33;10.0;10.0;7.5;0.1;0.0;Green;18975.0
184;326;327;Arabica;Guatemala;nan;4300;ft;7.67;7.67;7.42;7.67;8.0;7.75;10.0;10.0;10.0;7.5;0.12;1.0;Green;17250.0
185;327;328;Arabica;Guatemala;nan;4300;ft;7.83;7.67;7.33;7.67;7.67;7.83;10.0;10.0;10.0;7.67;0.11;0.0;Green;17250.0
186;328;329;Arabica;Colombia;nan;1750 msnm;m;7.75;7.75;7.58;7.83;7.17;7.75;10.0;10.0;10.0;7.83;0.11;0.0;Green;17500.0
187;329;330;Arabica;Guatemala;nan;1450;m;8.17;8.17;7.83;7.67;8.08;7.75;9.33;9.33;9.33;8.0;0.11;0.0;Green;250.0
188;330;331;Arabica;Guatemala;nan;4300;ft;7.67;8.17;7.5;7.42;7.58;7.83;10.0;10.0;10.0;7.5;0.11;0.0;Green;250.0
189;331;332;Arabica;Mexico;nan;1100;m;7.67;7.5;7.5;7.33;7.83;8.25;10.0;10.0;10.0;7.58;0.12;4.0;Green;48.0
190;332;333;Arabica;Indonesia;nan;1200-1600masl;m;8.17;7.67;7.58;7.58;7.42;7.67;10.0;10.0;10.0;7.58;0.12;0.0;Green;600.0
191;333;334;Arabica;Guatemala;nan;5000;ft;7.67;7.5;7.33;8.0;7.67;7.67;10.0;10.0;10.0;7.83;0.1;0.0;Green;17250.0
192;335;336;Arabica;Brazil;020/17;890;m;7.58;7.67;7.58;7.58;7.67;7.58;10.0;10.0;10.0;7.92;0.11;0.0;Green;19200.0
193;336;337;Arabica;Guatemala;11/52/1170;3702;ft;7.75;7.75;7.5;7.83;7.58;7.58;10.0;10.0;10.0;7.58;0.11;0.0;Green;18975.0
194;337;338;Arabica;Colombia;3-37-2548;nan;m;7.75;7.75;7.58;7.58;7.67;7.58;10.0;10.0;10.0;7.67;0.11;0.0;Green;19250.0
195;338;339;Arabica;China;YNC-16029;1100;m;7.67;7.58;7.58;7.58;7.67;7.75;10.0;10.0;10.0;7.75;0.1;0.0;Green;180.0
196;339;340;Arabica;Colombia;nan;de 1600 a 1950 msnm;m;7.67;7.75;7.58;7.67;7.75;7.58;10.0;10.0;10.0;7.58;0.12;0.0;Green;19250.0
197;340;341;Arabica;Mexico;nan;1200;m;7.75;7.75;7.58;7.58;7.5;7.67;10.0;10.0;10.0;7.75;0.12;1.0;Green;550.0
198;342;343;Arabica;Uganda;nan;1800;m;7.67;7.67;7.42;7.75;7.75;7.67;10.0;10.0;10.0;7.67;0.12;0.0;Green;6000.0
199;344;345;Arabica;Colombia;nan;1550;m;7.67;7.58;7.67;7.58;7.67;7.75;10.0;10.0;10.0;7.67;0.12;0.0;Green;17500.0
200;346;347;Arabica;Taiwan;nan;1000 m;m;7.75;7.75;7.75;7.75;7.5;7.58;10.0;10.0;10.0;7.5;0.11;0.0;Green;300.0
201;347;348;Arabica;Colombia;nan;de 1.600 a 1.950 msnm;m;7.67;7.67;7.58;7.67;7.75;7.58;10.0;10.0;10.0;7.67;0.11;0.0;Green;19250.0
202;349;350;Arabica;Colombia;nan;2136 msnm;m;7.67;7.58;7.58;7.58;7.67;7.75;10.0;10.0;10.0;7.75;0.11;0.0;Green;17500.0
203;350;351;Arabica;Brazil;nan;1100m;m;7.83;7.75;7.5;7.75;7.5;7.58;10.0;10.0;10.0;7.67;0.12;0.0;Blue-Green;1980.0
204;352;353;Arabica;Taiwan;2;nan;m;7.58;7.58;7.17;7.17;7.0;7.0;10.0;10.0;10.0;10.0;0.11;0.0;Blue-Green;10.0
205;355;356;Arabica;Guatemala;11/23/0145;4000;ft;7.67;7.75;7.5;7.83;7.58;7.58;10.0;10.0;10.0;7.58;0.1;0.0;Bluish-Green;17250.0
206;356;357;Arabica;Colombia;nan;de 1600 a 1950 msnm;m;7.58;7.58;7.58;7.58;7.75;7.67;10.0;10.0;10.0;7.75;0.12;0.0;Green;12600.0
207;357;358;Arabica;Tanzania, United Republic Of;nan;1400m;m;7.75;7.67;7.58;7.67;7.67;7.58;10.0;10.0;10.0;7.58;0.13;0.0;Green;300.0
208;358;359;Arabica;Indonesia;nan;1500;m;7.25;7.67;7.58;7.92;7.83;7.58;10.0;10.0;10.0;7.67;0.13;0.0;Bluish-Green;6000.0
209;361;362;Arabica;Colombia;nan;1850 msnm;m;8.0;7.58;7.25;7.58;7.92;7.58;10.0;10.0;10.0;7.58;0.11;0.0;Green;19250.0
210;362;363;Arabica;Guatemala;nan;1400 mts;m;7.58;7.75;7.5;7.83;7.42;7.67;10.0;10.0;10.0;7.75;0.1;0.0;Green;250.0
211;364;365;Arabica;Honduras;nan;1350;m;7.67;7.5;7.67;7.5;7.67;7.67;10.0;10.0;10.0;7.83;0.1;0.0;Green;275.0
212;366;367;Arabica;Colombia;nan;1750 msnm;m;7.58;7.67;7.58;7.75;7.58;7.75;10.0;10.0;10.0;7.58;0.11;0.0;Green;17500.0
213;367;368;Arabica;Mexico;nan;1170;m;7.83;7.58;7.25;7.5;7.5;7.42;10.0;10.0;10.0;8.42;0.13;0.0;Green;10.0
214;368;369;Arabica;Mexico;nan;940;m;7.67;7.75;7.67;7.75;7.58;7.5;10.0;10.0;10.0;7.58;0.11;0.0;Green;10.0
215;369;370;Arabica;Mexico;nan;1400;m;7.75;7.67;7.67;7.75;7.33;7.5;10.0;10.0;10.0;7.83;0.12;0.0;Green;15.0
216;370;371;Arabica;Guatemala;nan;5000;ft;7.83;7.5;7.5;8.0;7.67;7.5;10.0;10.0;10.0;7.5;0.1;0.0;Green;18975.0
217;371;372;Arabica;Colombia;nan;de 1600 a 1950 msnm;m;7.67;7.58;7.58;7.67;7.67;7.67;10.0;10.0;10.0;7.67;0.11;0.0;Green;12250.0
218;376;377;Arabica;Guatemala;11/23/0696;1700;m;7.67;7.75;7.5;7.58;7.58;7.67;10.0;10.0;10.0;7.67;0.1;0.0;Green;3450.0
219;377;378;Arabica;Colombia;3-59-2318;442;m;7.67;7.67;7.5;7.67;7.67;7.58;10.0;10.0;10.0;7.67;0.11;0.0;Green;17400.0
220;378;379;Arabica;Costa Rica;8885;1850;m;7.58;7.5;7.42;7.92;7.5;7.67;10.0;10.0;10.0;7.83;0.09;0.0;Blue-Green;18975.0
221;379;380;Arabica;Taiwan;1;nan;m;7.67;7.67;7.0;7.08;7.0;7.0;10.0;10.0;10.0;10.0;0.11;0.0;Blue-Green;10.0
222;380;381;Arabica;Uganda;5055;1800;m;7.58;7.75;7.33;7.75;7.67;7.58;10.0;10.0;10.0;7.75;0.11;0.0;Green;24360.0
223;381;382;Arabica;Thailand;MCCFWXA15/16;1200;m;7.5;7.58;7.75;7.5;7.75;7.67;10.0;10.0;10.0;7.67;0.13;0.0;Bluish-Green;12500.0
224;383;384;Arabica;Colombia;nan;442 msnm;m;7.58;7.67;7.58;7.67;7.58;7.67;10.0;10.0;10.0;7.67;0.12;4.0;Green;19250.0
225;384;385;Arabica;Brazil;nan;nan;m;7.33;7.83;7.75;7.5;7.42;7.83;10.0;10.0;10.0;7.75;0.12;0.0;Green;18000.0
226;385;386;Arabica;Tanzania, United Republic Of;nan;1600;m;7.75;7.67;7.58;7.67;7.58;7.58;10.0;10.0;10.0;7.58;0.13;0.0;Green;2340.0
227;386;387;Arabica;Colombia;nan;1813;m;7.58;7.58;7.25;7.75;7.75;8.58;9.33;10.0;10.0;7.58;0.12;0.0;Green;17500.0
228;387;388;Arabica;Guatemala;nan;4000 psnm;ft;7.75;7.83;7.33;7.83;7.5;7.67;10.0;10.0;10.0;7.5;0.1;0.0;Green;17250.0
229;388;389;Arabica;Guatemala;nan;1500 msnm;m;7.67;7.75;7.5;7.83;7.58;7.5;10.0;10.0;10.0;7.58;0.1;0.0;Green;17250.0
230;389;390;Arabica;Guatemala;nan;4300;ft;7.67;7.5;7.75;7.42;7.75;7.75;10.0;10.0;10.0;7.58;0.11;0.0;Green;17250.0
231;391;392;Arabica;Colombia;nan;1450 msnm;m;7.5;7.75;7.58;7.5;7.67;7.75;10.0;10.0;10.0;7.67;0.11;0.0;Green;17500.0
232;399;400;Arabica;Brazil;nan;1227;m;7.5;7.83;7.33;7.58;7.58;7.92;10.0;10.0;10.0;7.58;0.1;1.0;Green;20.0
233;400;401;Arabica;Mexico;nan;1200;m;7.75;7.75;7.5;7.67;7.5;7.58;10.0;10.0;10.0;7.58;0.12;0.0;Green;275.0
234;401;402;Arabica;Colombia;nan;1650 msnm;m;7.67;7.75;7.42;7.83;7.83;7.42;10.0;10.0;10.0;7.42;0.11;0.0;Green;19250.0
235;402;403;Arabica;Tanzania, United Republic Of;nan;1700;m;7.75;7.58;7.67;7.58;7.58;7.58;10.0;10.0;10.0;7.58;0.12;0.0;Green;600.0
236;403;404;Arabica;Mexico;nan;1100;m;7.67;7.67;7.58;7.67;7.5;7.58;10.0;10.0;10.0;7.67;0.12;0.0;Green;200.0
237;406;407;Arabica;Costa Rica;nan;1100-1300;m;7.5;7.67;7.67;7.5;7.83;7.17;10.0;10.0;10.0;8.0;0.11;0.0;Green;250.0
238;409;410;Arabica;Colombia;nan;1000 msnm;m;7.67;7.67;7.5;7.67;7.92;7.42;10.0;10.0;10.0;7.5;0.11;0.0;Green;17500.0
239;410;411;Arabica;Guatemala;nan;4300;ft;7.83;7.67;7.17;7.67;7.67;7.67;10.0;10.0;10.0;7.67;0.11;0.0;Green;17250.0
240;416;417;Arabica;Mexico;2016-2017-1;1600;m;7.67;7.83;7.42;7.83;7.33;7.5;10.0;10.0;10.0;7.67;0.11;0.0;Blue-Green;2500.0
241;417;418;Arabica;Costa Rica;LP-C211-181;1900;m;7.5;7.5;7.83;7.5;7.67;7.67;10.0;10.0;10.0;7.58;0.11;0.0;Green;1334.0
242;419;420;Arabica;Guatemala;11-973-152;2100;m;7.5;7.58;7.42;7.83;7.67;7.58;10.0;10.0;10.0;7.67;0.11;0.0;Green;0.0
243;420;421;Arabica;Uganda;035/170/5061178;nan;m;7.5;7.67;7.67;7.42;7.67;7.67;10.0;10.0;10.0;7.67;0.12;0.0;Green;1350000.0
244;421;422;Arabica;Brazil;43102245 - P4615;nan;m;7.58;7.67;7.42;7.5;7.67;7.42;10.0;10.0;10.0;8.0;0.12;0.0;Green;18000.0
245;423;424;Arabica;Mexico;nan;1261;m;7.83;7.75;7.5;7.58;7.58;7.58;10.0;10.0;10.0;7.42;0.12;0.0;Bluish-Green;22.0
246;424;425;Arabica;Taiwan;nan;1000 m;m;7.67;7.5;7.5;7.5;7.67;7.83;10.0;10.0;10.0;7.58;0.1;0.0;Blue-Green;150.0
247;425;426;Arabica;Taiwan;nan;800??;m;7.92;7.83;7.75;7.58;7.5;7.33;10.0;10.0;10.0;7.33;0.1;0.0;Green;600.0
248;427;428;Arabica;Guatemala;nan;1500 msnm;m;7.5;7.67;7.58;7.67;7.67;7.5;10.0;10.0;10.0;7.67;0.1;0.0;Green;1794.0
249;428;429;Arabica;Colombia;nan;1750 msnm;m;7.83;7.5;7.67;7.33;7.67;7.67;10.0;10.0;10.0;7.58;0.11;0.0;Green;19250.0
250;429;430;Arabica;Mexico;nan;1300;m;7.58;7.75;7.5;7.5;7.58;7.58;10.0;10.0;10.0;7.75;0.12;0.0;Green;200.0
251;431;432;Arabica;Mexico;nan;nan;m;7.75;7.58;7.58;7.58;7.5;7.58;10.0;10.0;10.0;7.67;0.13;0.0;Green;10.0
252;432;433;Arabica;Mexico;nan;1000;m;7.75;7.75;7.42;7.92;7.33;7.5;10.0;10.0;10.0;7.58;0.12;0.0;Blue-Green;54.0
253;433;434;Arabica;Guatemala;nan;4300;ft;7.83;7.58;7.08;7.83;7.42;8.08;10.0;10.0;10.0;7.42;0.11;0.0;Green;250.0
254;434;435;Arabica;Brazil;nan;1200m;m;7.75;7.67;7.5;7.58;7.58;7.58;10.0;10.0;10.0;7.58;0.11;0.0;Blue-Green;1800.0
255;435;436;Arabica;Colombia;nan;175;m;7.67;7.58;7.58;7.42;7.83;7.58;10.0;10.0;10.0;7.58;0.12;0.0;Green;17500.0
256;436;437;Arabica;Colombia;nan;de 1600 a 1950 msnm;m;7.67;7.67;7.5;7.5;7.58;7.67;10.0;10.0;10.0;7.67;0.11;0.0;Green;12250.0
257;440;441;Arabica;Brazil;019/17;890;m;7.67;7.42;7.5;7.58;7.67;7.58;10.0;10.0;10.0;7.75;0.11;0.0;Green;19200.0
258;441;442;Arabica;Guatemala;11/23/0673;1901;m;7.58;7.58;7.33;7.67;7.75;7.58;10.0;10.0;10.0;7.67;0.1;0.0;Green;18975.0
259;442;443;Arabica;Tanzania, United Republic Of;AA;16.8;m;7.67;7.58;7.42;7.67;7.67;7.58;10.0;10.0;10.0;7.58;0.12;0.0;Green;19200.0
260;443;444;Arabica;Peru;1;nan;m;7.92;7.5;7.5;7.58;7.67;7.5;10.0;10.0;10.0;7.5;0.11;0.0;Green;2760000.0
261;444;445;Arabica;Vietnam;Oriental Paris Natural Coffee;1550;m;7.58;7.42;7.08;7.33;7.58;8.58;10.0;10.0;10.0;7.58;0.07;0.0;None;2.0
262;445;446;Arabica;Guatemala;11/11711/58;1500;m;7.67;7.75;7.42;7.75;7.58;7.5;10.0;10.0;10.0;7.5;0.11;2.0;Green;375000.0
263;446;447;Arabica;Honduras;427;1450;m;7.67;7.67;7.5;7.67;7.5;7.67;10.0;10.0;10.0;7.5;0.11;0.0;Blue-Green;18975.0
264;447;448;Arabica;China;YNC-16056;1200;m;7.5;7.67;7.33;7.67;7.67;7.67;10.0;10.0;10.0;7.67;0.11;0.0;Green;180.0
265;448;449;Arabica;China;YNC-16028;1600;m;7.67;7.67;7.5;7.67;7.42;7.58;10.0;10.0;10.0;7.67;0.1;0.0;Green;180.0
266;450;451;Arabica;Guatemala;nan;1500msnm;m;7.5;7.75;7.5;7.83;7.58;7.5;10.0;10.0;10.0;7.5;0.11;0.0;Green;10350.0
267;451;452;Arabica;Guatemala;nan;1400-1900 psn;m;7.92;7.67;7.42;7.75;7.5;7.5;10.0;10.0;10.0;7.42;0.12;0.0;Green;6900.0
268;452;453;Arabica;Kenya;nan;approx.1'500 metres a.s.l.;m;7.83;7.75;7.67;7.75;7.83;8.5;9.33;9.33;9.33;7.83;0.1;0.0;Bluish-Green;600.0
269;453;454;Arabica;Thailand;nan;800++;m;7.67;7.58;7.58;7.75;7.42;7.67;10.0;10.0;10.0;7.5;0.12;0.0;Bluish-Green;1.0
270;454;455;Arabica;Tanzania, United Republic Of;nan;1653;m;7.58;7.67;7.67;7.58;7.42;7.58;10.0;10.0;10.0;7.67;0.13;0.0;Bluish-Green;10800.0
271;456;457;Arabica;Uganda;nan;1800;m;8.0;7.67;7.5;7.42;7.33;7.58;10.0;10.0;10.0;7.67;0.1;0.0;Bluish-Green;5040.0
272;458;459;Arabica;Honduras;nan;1450 msnn;m;7.5;7.5;7.5;7.67;7.67;7.67;10.0;10.0;10.0;7.67;0.1;0.0;Green;275.0
273;459;460;Arabica;Honduras;nan;1350;m;7.67;7.67;7.5;7.67;7.5;7.67;10.0;10.0;10.0;7.5;0.11;0.0;Green;275.0
274;460;461;Arabica;Guatemala;nan;5000 pies;ft;7.33;7.83;7.17;8.17;7.33;7.67;10.0;10.0;10.0;7.67;0.09;0.0;Green;13800.0
275;462;463;Arabica;Tanzania, United Republic Of;nan;1800;m;7.58;7.5;7.58;7.75;7.58;7.58;10.0;10.0;10.0;7.58;0.12;0.0;Green;300.0
276;463;464;Arabica;Guatemala;nan;4300;ft;7.67;7.83;7.33;7.67;7.5;7.67;10.0;10.0;10.0;7.5;0.11;0.0;Green;17250.0
277;464;465;Arabica;Mexico;nan;1500;m;7.75;7.58;7.58;7.58;7.5;7.42;10.0;10.0;10.0;7.75;0.11;0.0;Green;45.0
278;465;466;Arabica;Mexico;nan;532;m;7.75;7.67;7.58;7.5;7.42;7.58;10.0;10.0;10.0;7.67;0.12;3.0;None;10.0
279;466;467;Arabica;Mexico;nan;1089;m;7.58;7.75;7.42;7.67;7.5;7.58;10.0;10.0;10.0;7.67;0.14;0.0;None;10.0
280;467;468;Arabica;Colombia;nan;de 1.600 a 1.950 msnm;m;7.67;7.5;7.5;7.5;7.58;8.17;10.0;10.0;10.0;7.25;0.11;1.0;Green;19250.0
281;468;469;Arabica;Mexico;nan;700;m;7.75;7.5;7.42;7.75;7.58;7.58;10.0;10.0;10.0;7.58;0.13;0.0;Green;15.0
282;469;470;Arabica;Colombia;nan;1750 msnm;m;7.58;7.67;7.5;7.58;7.67;7.67;10.0;10.0;10.0;7.5;0.11;0.0;Blue-Green;17500.0
283;471;472;Arabica;Brazil;nan;1000m;m;7.75;7.67;7.58;7.5;7.58;7.58;10.0;10.0;10.0;7.5;0.12;0.0;Green;3000.0
284;472;473;Arabica;Brazil;nan;950m;m;7.92;7.58;7.5;7.58;7.42;7.5;10.0;10.0;10.0;7.67;0.11;0.0;Green;6000.0
285;474;475;Arabica;Brazil;nan;1000m;m;7.75;7.5;7.58;7.5;7.75;7.5;10.0;10.0;10.0;7.58;0.12;0.0;Blue-Green;1500.0
286;480;481;Arabica;Brazil;261/15;905;m;7.58;7.58;7.58;7.5;7.67;7.58;10.0;10.0;10.0;7.58;0.11;0.0;Bluish-Green;19200.0
287;483;484;Arabica;Brazil;nan;nan;m;7.42;7.67;7.58;7.5;7.75;7.67;10.0;10.0;10.0;7.5;0.11;0.0;Green;18000.0
288;485;486;Arabica;Costa Rica;nan;1200-1400;m;7.83;7.33;7.5;7.67;7.58;7.67;10.0;10.0;10.0;7.5;0.1;0.0;Green;250.0
289;497;498;Arabica;Brazil;007/16A;894;m;7.5;7.58;7.58;7.67;7.58;7.5;10.0;10.0;10.0;7.58;0.11;0.0;Green;19200.0
290;498;499;Arabica;Brazil;007/16F;872;m;7.5;7.67;7.58;7.67;7.58;7.42;10.0;10.0;10.0;7.58;0.11;0.0;Bluish-Green;19200.0
291;499;500;Arabica;Uganda;201501;1473;m;7.67;7.58;7.42;7.42;7.83;7.5;10.0;10.0;10.0;7.58;0.12;0.0;Green;18600.0
292;500;501;Arabica;Uganda;201502;1645;m;7.67;7.67;7.5;7.58;7.42;7.5;10.0;10.0;10.0;7.67;0.12;0.0;Green;19500.0
293;501;502;Arabica;Colombia;3-59-1773;442;m;7.67;7.67;7.33;7.67;7.5;7.58;10.0;10.0;10.0;7.58;0.11;0.0;Green;1750.0
294;503;504;Arabica;Guatemala;nan;1300 a 1800 metros sobre el nivel del mar;m;7.67;7.75;7.33;7.92;7.42;7.5;10.0;10.0;10.0;7.42;0.11;0.0;Green;18975.0
295;504;505;Arabica;Guatemala;nan;4500 pies;ft;7.75;7.67;7.33;7.75;7.5;7.42;10.0;10.0;10.0;7.58;0.11;0.0;Green;13800.0
296;505;506;Arabica;Guatemala;nan;1500msnm;m;7.83;7.67;7.25;7.67;7.75;7.5;10.0;10.0;10.0;7.33;0.11;0.0;Green;17250.0
297;507;508;Arabica;Taiwan;nan;1200;m;7.92;7.92;7.83;7.58;7.33;7.25;10.0;10.0;10.0;7.17;0.08;0.0;Green;600.0
298;508;509;Arabica;Uganda;nan;1800;m;7.83;7.58;7.5;7.5;7.58;7.5;10.0;10.0;10.0;7.5;0.12;0.0;Green;18000.0
299;510;511;Arabica;Guatemala;nan;1500 msnm;m;7.67;7.67;7.42;7.83;7.5;7.5;10.0;10.0;10.0;7.42;0.1;1.0;Green;1794.0
300;511;512;Arabica;Costa Rica;nan;1100-1300;m;7.67;7.58;7.5;7.58;7.5;7.5;10.0;10.0;10.0;7.67;0.11;0.0;Green;250.0
301;512;513;Arabica;Brazil;nan;1250;m;7.75;7.58;7.42;7.67;7.42;7.67;10.0;10.0;10.0;7.5;0.12;0.0;Bluish-Green;500.0
302;513;514;Arabica;Colombia;nan;1600 - 1950 msnm;m;7.75;7.42;7.33;7.5;7.58;7.17;10.0;10.0;10.0;8.25;0.11;1.0;Green;8400.0
303;515;516;Arabica;Colombia;nan;1000 msnm;m;7.33;7.67;7.75;7.42;7.75;7.58;10.0;10.0;10.0;7.5;0.11;0.0;Green;17500.0
304;517;518;Arabica;Colombia;nan;de 1600 a 1950 msnm;m;7.5;7.5;7.42;7.58;7.75;7.58;10.0;10.0;10.0;7.67;0.11;1.0;Green;19250.0
305;518;519;Arabica;Mexico;nan;750;m;7.67;7.58;7.42;7.5;7.67;7.58;10.0;10.0;10.0;7.58;0.11;0.0;Green;15.0
306;519;520;Arabica;Mexico;nan;1200;m;7.67;7.83;7.5;7.58;7.58;7.67;9.33;10.0;10.0;7.83;0.11;0.0;Green;20.0
307;520;521;Arabica;Mexico;nan;1200;m;7.5;7.67;7.5;7.5;7.58;7.58;10.0;10.0;10.0;7.67;0.11;5.0;Green;250.0
308;523;524;Arabica;Colombia;nan;1750 msnm;m;7.67;7.58;7.58;7.58;7.67;7.42;10.0;10.0;10.0;7.5;0.11;0.0;Green;17500.0
309;524;525;Arabica;Guatemala;nan;4500;ft;7.5;7.67;7.5;7.67;7.5;7.83;10.0;10.0;10.0;7.33;0.1;0.0;Green;275.0
310;525;526;Arabica;Colombia;nan;1600 - 1950 msnm;m;7.67;7.67;7.58;7.5;7.67;7.42;10.0;10.0;10.0;7.5;0.12;0.0;Bluish-Green;121.0
311;535;536;Arabica;Colombia;3-37-4468;1500;m;7.58;7.67;7.5;7.33;7.67;7.58;10.0;10.0;10.0;7.58;0.11;0.0;Green;9030.0
312;536;537;Arabica;Taiwan;2016 Tainan Coffee Cupping Event Micro Lot ?????????;350;m;7.17;7.83;7.25;7.67;7.67;7.58;10.0;10.0;10.0;7.75;0.09;31.0;Green;200.0
313;539;540;Arabica;Philippines;nan;1200 masl;m;7.58;7.58;7.67;7.58;7.5;7.5;10.0;10.0;10.0;7.5;0.11;0.0;Blue-Green;500.0
314;541;542;Arabica;Mexico;nan;1059;m;7.83;7.67;7.25;7.58;7.5;7.5;10.0;10.0;10.0;7.58;0.13;0.0;Blue-Green;22.0
315;542;543;Arabica;Mexico;nan;1300 meters;m;7.75;7.67;7.42;7.42;7.75;7.5;10.0;10.0;10.0;7.42;0.12;2.0;Bluish-Green;550.0
316;543;544;Arabica;Brazil;nan;11000 metros;m;7.08;7.5;7.5;7.83;7.75;7.67;10.0;10.0;10.0;7.58;0.11;0.0;Green;600.0
317;544;545;Arabica;Uganda;nan;1400-1900;m;8.0;7.5;7.5;7.58;7.33;7.42;10.0;10.0;10.0;7.58;0.12;0.0;Green;60.0
318;545;546;Arabica;Uganda;nan;1400;m;7.75;7.58;7.58;7.5;7.5;7.5;10.0;10.0;10.0;7.5;0.12;0.0;Green;60.0
319;546;547;Arabica;Guatemala;nan;1500 msnm;m;7.75;7.5;7.42;7.58;7.67;7.5;10.0;10.0;10.0;7.5;0.1;0.0;Green;17250.0
320;547;548;Arabica;Guatemala;nan;1500 msnm;m;7.67;7.83;7.42;7.5;7.33;7.5;10.0;10.0;10.0;7.67;0.1;0.0;Green;1794.0
321;548;549;Arabica;Guatemala;nan;nan;m;7.58;7.58;7.25;7.58;7.58;7.58;10.0;10.0;10.0;7.75;0.1;0.0;Green;2.0
322;549;550;Arabica;Colombia;nan;1800 - 2000;m;7.58;7.5;7.75;7.33;7.58;7.58;10.0;10.0;10.0;7.58;0.11;0.0;Green;17500.0
323;551;552;Arabica;Guatemala;nan;5440-5760 metros;ft;7.83;7.75;7.25;7.92;7.5;7.17;10.0;10.0;10.0;7.5;0.11;0.0;Green;17250.0
324;552;553;Arabica;Colombia;nan;1450;m;7.83;7.67;7.42;7.42;7.5;7.58;10.0;10.0;10.0;7.5;0.11;3.0;Green;17500.0
325;553;554;Arabica;Mexico;nan;1248;m;7.58;7.58;7.33;7.25;7.58;7.75;10.0;10.0;10.0;7.83;0.1;0.0;Green;15.0
326;555;556;Arabica;Mexico;nan;1400 m;m;8.0;7.92;7.67;7.17;7.67;7.42;9.33;10.0;10.0;7.75;0.14;1.0;Green;100.0
327;559;560;Arabica;Kenya;01NG011;1754;m;7.75;7.58;7.42;7.58;7.5;7.5;10.0;10.0;10.0;7.5;0.1;0.0;Green;1350.0
328;560;561;Arabica;Guatemala;11/23/0513;1700;m;7.5;7.58;7.33;7.67;7.58;7.58;10.0;10.0;10.0;7.58;0.11;1.0;Green;3450.0
329;561;562;Arabica;Brazil;259/15;905;m;7.67;7.58;7.58;7.5;7.5;7.42;10.0;10.0;10.0;7.58;0.11;0.0;Bluish-Green;19200.0
330;563;564;Arabica;Rwanda;102;1900;m;7.83;7.92;7.75;7.83;7.75;7.75;9.33;9.33;9.33;8.0;0.11;0.0;Bluish-Green;9000.0
331;564;565;Arabica;Vietnam;nan;1040;m;7.25;7.58;7.5;7.42;7.75;7.42;10.0;10.0;10.0;7.92;0.11;11.0;Green;6.0
332;565;566;Arabica;Guatemala;nan;4000psn;ft;7.58;7.58;7.33;7.67;7.67;7.5;10.0;10.0;10.0;7.5;0.11;0.0;Green;5520.0
333;566;567;Arabica;Brazil;nan;900;m;7.58;7.83;7.33;7.67;7.42;7.33;10.0;10.0;10.0;7.67;0.12;2.0;Green;18000.0
334;569;570;Arabica;Guatemala;nan;1500 msnm;m;7.67;7.67;7.75;7.67;7.42;7.17;10.0;10.0;10.0;7.5;0.1;0.0;Green;17250.0
335;571;572;Arabica;Colombia;nan;de 1600 a 1950 msnm;m;7.83;7.5;7.5;7.42;7.5;7.5;10.0;10.0;10.0;7.58;0.11;0.0;Green;8750.0
336;572;573;Arabica;Tanzania, United Republic Of;nan;1400 meter above sea level;m;7.67;7.5;7.33;7.25;7.58;7.75;10.0;10.0;10.0;7.75;0.11;0.0;Green;600.0
337;573;574;Arabica;Mexico;nan;1550;m;7.58;7.67;7.5;7.58;7.5;7.5;10.0;10.0;10.0;7.5;0.12;2.0;Green;250.0
338;574;575;Arabica;Mexico;nan;1250;m;7.67;7.58;7.42;7.75;7.42;7.42;10.0;10.0;10.0;7.58;0.12;0.0;Blue-Green;250.0
339;575;576;Arabica;Guatemala;nan;4300;ft;7.67;7.67;7.33;7.5;7.33;7.92;10.0;10.0;10.0;7.42;0.11;0.0;Green;250.0
340;578;579;Arabica;Guatemala;11-43367-27;1100;m;7.5;7.58;7.42;7.67;7.58;7.5;10.0;10.0;10.0;7.5;0.1;0.0;Green;18975.0
341;579;580;Arabica;Guatemala;11-973-276;1800;m;7.58;7.67;7.5;7.58;7.5;7.42;10.0;10.0;10.0;7.5;0.11;0.0;Green;18975.0
342;580;581;Arabica;Guatemala;11/23/0693;1700;m;7.5;7.67;7.17;7.67;7.67;7.58;10.0;10.0;10.0;7.5;0.11;0.0;Green;3450.0
343;581;582;Arabica;Guatemala;11/23/0632;4000;ft;7.5;7.5;7.42;7.58;7.67;7.5;10.0;10.0;10.0;7.58;0.1;0.0;Green;3450.0
344;582;583;Arabica;Guatemala;11/23/0690;4000;ft;7.42;7.58;7.42;7.67;7.5;7.5;10.0;10.0;10.0;7.67;0.1;0.0;Green;1725.0
345;583;584;Arabica;Indonesia;sran toraja;1500;m;7.5;7.58;7.42;7.58;7.58;7.5;10.0;10.0;10.0;7.58;0.12;0.0;Blue-Green;2.0
346;584;585;Arabica;Guatemala;11/23/0369;518;ft;7.58;7.58;7.33;7.58;7.33;7.67;10.0;10.0;10.0;7.67;0.12;0.0;Green;1725.0
347;587;588;Arabica;Costa Rica;8866-2;1850;m;7.58;7.5;7.42;7.67;7.42;7.5;10.0;10.0;10.0;7.67;0.09;0.0;Bluish-Green;17250.0
348;588;589;Arabica;Honduras;103;1400;m;7.58;7.5;7.42;7.58;7.5;7.5;10.0;10.0;10.0;7.67;0.09;0.0;Green;18975.0
349;589;590;Arabica;Brazil;260/15;905;m;7.5;7.5;7.58;7.5;7.58;7.58;10.0;10.0;10.0;7.5;0.11;0.0;Bluish-Green;19200.0
350;590;591;Arabica;China;YNC-16057;1100;m;7.67;7.5;7.33;7.33;7.67;7.67;10.0;10.0;10.0;7.58;0.1;0.0;Green;180.0
351;591;592;Arabica;China;YNC-16014;1500;m;7.5;7.67;7.42;7.67;7.5;7.5;10.0;10.0;10.0;7.5;0.11;0.0;Green;180.0
352;593;594;Arabica;Malawi;nan;1442 m;m;7.75;7.58;7.42;7.5;7.33;7.5;10.0;10.0;10.0;7.67;0.12;0.0;Bluish-Green;1740.0
353;594;595;Arabica;Guatemala;nan;5000 ft.;ft;7.75;7.42;7.25;7.75;7.5;7.67;10.0;10.0;10.0;7.42;0.13;0.0;Green;17250.0
354;595;596;Arabica;Colombia;nan;1.65;m;7.67;7.42;7.42;7.58;7.33;7.67;10.0;10.0;10.0;7.67;0.12;0.0;Green;275.0
355;598;599;Arabica;Colombia;nan;1300;m;7.58;7.33;7.17;7.33;7.25;8.58;10.0;10.0;10.0;7.5;0.1;0.0;Green;250.0
356;599;600;Arabica;Mexico;nan;1550;m;7.58;7.58;7.5;7.5;7.5;7.5;10.0;10.0;10.0;7.58;0.12;0.0;Green;32.0
357;603;604;Arabica;Colombia;nan;de 1.600 a 1.950 msnm;m;7.67;7.58;7.58;7.58;7.5;7.42;10.0;10.0;10.0;7.42;0.11;0.0;Green;7000.0
358;608;609;Arabica;Brazil;007/16D;934;m;7.5;7.58;7.5;7.67;7.5;7.42;10.0;10.0;10.0;7.5;0.11;0.0;Bluish-Green;19200.0
359;609;610;Arabica;Laos;1;1300;m;7.67;7.67;7.42;7.42;7.42;7.5;10.0;10.0;10.0;7.58;0.13;0.0;Bluish-Green;3000.0
360;611;612;Arabica;Mexico;53;1300;m;7.5;7.67;7.42;7.75;7.42;7.17;10.0;10.0;10.0;7.75;0.11;0.0;Green;64.0
361;615;616;Arabica;Tanzania, United Republic Of;nan;1700;m;7.5;7.5;7.5;7.5;7.5;7.58;10.0;10.0;10.0;7.58;0.12;0.0;Green;5580.0
362;616;617;Arabica;Tanzania, United Republic Of;nan;1550;m;7.58;7.5;7.5;7.58;7.33;7.58;10.0;10.0;10.0;7.58;0.12;0.0;Green;4620.0
363;617;618;Arabica;Taiwan;nan;1200??;m;8.0;7.83;7.83;7.42;7.25;7.25;10.0;10.0;10.0;7.08;0.08;0.0;Green;600.0
364;618;619;Arabica;Mexico;nan;1296;m;7.67;7.58;7.42;7.5;7.42;7.5;10.0;10.0;10.0;7.58;0.11;0.0;Green;11.0
365;619;620;Arabica;Uganda;nan;1400- 1900;m;7.67;7.5;7.33;7.67;7.5;7.5;10.0;10.0;10.0;7.5;0.12;0.0;Green;60.0
366;620;621;Arabica;Taiwan;nan;1240 m;m;7.67;7.5;7.5;7.5;7.5;7.5;10.0;10.0;10.0;7.5;0.11;0.0;Green;300.0
367;621;622;Arabica;Thailand;nan;1500;m;7.42;7.5;7.5;7.67;7.58;7.5;10.0;10.0;10.0;7.5;0.11;0.0;Bluish-Green;18000.0
368;622;623;Arabica;Colombia;nan;1800 msnm;m;7.75;7.58;7.67;7.25;7.58;7.42;10.0;10.0;10.0;7.42;0.11;0.0;Bluish-Green;17500.0
369;624;625;Arabica;Guatemala;nan;1500;m;7.67;7.67;7.17;7.67;7.5;7.5;10.0;10.0;10.0;7.5;0.11;0.0;Green;18975.0
370;625;626;Arabica;Thailand;nan;nan;m;7.83;7.33;7.83;7.33;7.58;7.83;10.0;10.0;9.33;7.58;0.12;0.0;Bluish-Green;2.0
371;628;629;Arabica;Colombia;nan;1800 meters (5900;m;7.33;7.58;7.42;7.42;7.67;7.67;10.0;10.0;10.0;7.58;0.11;0.0;Green;1.0
372;633;634;Arabica;Guatemala;11/23/0634;4000;ft;7.5;7.42;7.42;7.75;7.5;7.5;10.0;10.0;10.0;7.5;0.1;0.0;Green;1725.0
373;634;635;Arabica;Taiwan;2017?????? NANTOU COFFEE EVALUATION EVENT 2017;1050;m;7.67;7.42;7.5;7.42;7.58;7.5;10.0;10.0;10.0;7.5;0.11;0.0;Green;30.0
374;635;636;Arabica;Brazil;GO-669-16;nan;m;7.5;7.58;7.42;7.5;7.75;7.33;10.0;10.0;10.0;7.5;0.11;0.0;Green;11682.0
375;636;637;Arabica;Taiwan;1;200 m;m;7.25;7.25;7.0;7.08;7.0;7.0;10.0;10.0;10.0;10.0;0.11;0.0;Blue-Green;10.0
376;638;639;Arabica;Indonesia;nan;1200-1300m dpl;m;7.83;7.58;7.42;7.33;7.42;7.5;10.0;10.0;10.0;7.5;0.13;0.0;Blue-Green;300.0
377;639;640;Arabica;Thailand;nan;800++;m;7.75;7.33;7.42;7.67;7.42;7.5;10.0;10.0;10.0;7.5;0.12;0.0;Green;1.0
378;640;641;Arabica;Thailand;nan;1400-1500 m;m;7.42;7.58;7.58;7.42;7.58;7.5;10.0;10.0;10.0;7.5;0.12;0.0;Blue-Green;1000.0
379;642;643;Arabica;Uganda;nan;1400-1900;m;7.83;7.5;7.42;7.58;7.42;7.42;10.0;10.0;10.0;7.42;0.12;0.0;Green;60.0
380;643;644;Arabica;Costa Rica;nan;1200-1400;m;7.67;7.42;7.5;7.67;7.0;7.75;10.0;10.0;10.0;7.58;0.11;0.0;Green;250.0
381;646;647;Arabica;Colombia;nan;1750 msnm;m;7.75;7.25;7.33;7.42;7.5;7.83;10.0;10.0;10.0;7.5;0.11;0.0;Blue-Green;17500.0
382;648;649;Arabica;Colombia;nan;1750 msnm;m;7.58;7.5;7.42;7.58;7.67;7.42;10.0;10.0;10.0;7.42;0.11;0.0;Green;17500.0
383;649;650;Arabica;Mexico;nan;1250;m;7.5;7.58;7.5;7.5;7.42;7.5;10.0;10.0;10.0;7.58;0.1;0.0;Green;50.0
384;650;651;Arabica;Mexico;nan;1150;m;7.67;7.58;7.58;7.75;7.67;6.83;10.0;10.0;10.0;7.5;0.12;0.0;Green;70.0
385;651;652;Arabica;Colombia;nan;de 1.600 a 1.950 msnm;m;7.33;7.42;7.58;7.42;7.67;7.5;10.0;10.0;10.0;7.67;0.11;2.0;Green;19250.0
386;653;654;Arabica;Brazil;020/17;890;m;7.5;7.5;7.5;7.5;7.58;7.5;10.0;10.0;10.0;7.42;0.11;0.0;Green;19200.0
387;654;655;Arabica;Indonesia;2;1250;m;7.83;7.75;7.25;7.5;7.42;7.33;10.0;10.0;10.0;7.42;0.11;0.0;Green;2.0
388;655;656;Arabica;Honduras;165;1400;m;7.58;7.58;7.33;7.5;7.5;7.5;10.0;10.0;10.0;7.5;0.1;0.0;Green;18975.0
389;656;657;Arabica;Guatemala;11/23/0146;4000;ft;7.5;7.5;7.33;7.5;7.67;7.5;10.0;10.0;10.0;7.5;0.1;0.0;Green;3450.0
390;657;658;Arabica;Thailand;nan;800++;m;7.5;7.83;7.5;7.75;7.33;7.42;9.33;10.0;10.0;7.83;0.12;0.0;Green;1.0
391;659;660;Arabica;Tanzania, United Republic Of;nan;1600;m;7.67;7.42;7.33;7.58;7.5;7.5;10.0;10.0;10.0;7.5;0.12;0.0;Green;2220.0
392;660;661;Arabica;Tanzania, United Republic Of;nan;nan;m;7.75;7.0;7.42;7.58;7.58;7.58;10.0;10.0;10.0;7.58;0.12;0.0;Bluish-Green;300.0
393;662;663;Arabica;Brazil;nan;1260;m;7.42;7.5;7.67;7.33;7.42;7.67;10.0;10.0;10.0;7.5;0.11;0.0;Bluish-Green;4140.0
394;663;664;Arabica;Guatemala;nan;4300;ft;7.83;7.42;7.33;7.67;7.42;7.5;10.0;10.0;10.0;7.33;0.12;0.0;Green;17250.0
395;664;665;Arabica;Colombia;nan;1750 msnm;m;7.5;7.5;7.42;7.42;7.58;7.58;10.0;10.0;10.0;7.5;0.11;0.0;Green;17500.0
396;665;666;Arabica;Guatemala;nan;4300;ft;7.83;7.67;7.17;7.33;7.5;7.67;10.0;10.0;10.0;7.33;0.11;0.0;Green;17250.0
397;666;667;Arabica;Mexico;nan;1679;m;7.5;7.58;7.5;7.5;7.42;7.42;10.0;10.0;10.0;7.58;0.13;0.0;None;10.0
398;667;668;Arabica;Mexico;nan;1100;m;7.67;7.5;7.33;7.67;7.5;7.33;10.0;10.0;10.0;7.5;0.12;0.0;Green;10.0
399;669;670;Arabica;Guatemala;nan;nan;m;7.67;7.33;7.33;7.33;7.5;7.83;10.0;10.0;10.0;7.5;0.11;0.0;Green;275.0
400;671;672;Arabica;Colombia;nan;de 1.600 a 1.950 msnm;m;7.67;7.5;7.33;7.5;7.25;7.67;10.0;10.0;10.0;7.58;0.11;1.0;Green;19250.0
401;674;675;Arabica;Honduras;Zona: los imposibles;1500;m;7.42;7.67;7.17;7.58;7.58;7.5;10.0;10.0;10.0;7.5;0.12;0.0;Green;2.0
402;675;676;Arabica;Guatemala;11/23/0639;1700;m;7.58;7.5;7.33;7.75;7.33;7.5;10.0;10.0;10.0;7.42;0.1;0.0;Green;3450.0
403;676;677;Arabica;Guatemala;11/23/0366;1700;m;7.67;7.58;7.25;7.67;7.42;7.33;10.0;10.0;10.0;7.5;0.12;0.0;Green;3450.0
404;677;678;Arabica;Guatemala;11/23/0400;518;ft;7.58;7.5;7.25;7.67;7.5;7.5;10.0;10.0;10.0;7.42;0.12;0.0;Green;1380.0
405;678;679;Arabica;Guatemala;11/43367/12;nan;m;7.5;7.42;7.08;7.75;7.67;7.5;10.0;10.0;10.0;7.5;0.11;0.0;Green;18975.0
406;679;680;Arabica;Colombia;3-37-4434;1600;m;5.08;7.75;7.83;7.75;7.83;8.08;10.0;10.0;10.0;8.08;0.11;0.0;Green;3010.0
407;680;681;Arabica;China;YNC-16047;1600;m;7.67;7.42;7.42;7.5;7.42;7.42;10.0;10.0;10.0;7.58;0.1;0.0;Green;180.0
408;681;682;Arabica;Brazil;43102245 - P4615;nan;m;7.42;7.5;7.33;7.5;7.25;7.42;10.0;10.0;10.0;8.0;0.11;0.0;Green;18000.0
409;682;683;Arabica;Tanzania, United Republic Of;nan;2285;m;7.67;7.25;7.42;7.42;7.67;7.42;10.0;10.0;10.0;7.58;0.13;0.0;Green;600.0
410;684;685;Arabica;Guatemala;nan;1400 mts;m;7.5;7.5;7.5;7.67;7.42;7.5;10.0;10.0;10.0;7.33;0.1;0.0;Green;250.0
411;685;686;Arabica;Mexico;nan;1296;m;7.42;7.5;7.42;7.58;7.42;7.5;10.0;10.0;10.0;7.58;0.11;0.0;Green;10.0
412;686;687;Arabica;Brazil;nan;1000m;m;7.58;7.67;7.33;7.5;7.5;7.42;10.0;10.0;10.0;7.42;0.12;0.0;Blue-Green;2340.0
413;689;690;Arabica;Mexico;nan;1170;m;7.5;7.58;7.5;7.92;7.42;7.67;9.33;10.0;10.0;7.5;0.12;0.0;Green;10.0
414;690;691;Arabica;Honduras;nan;nan;m;7.25;7.67;7.42;7.17;7.75;7.5;10.0;10.0;10.0;7.67;0.09;0.0;None;2.0
415;691;692;Arabica;Colombia;nan;de 1600 a 1950 msnm;m;7.67;7.42;7.33;7.5;7.58;7.5;10.0;10.0;10.0;7.42;0.11;0.0;Green;17500.0
416;692;693;Arabica;Mexico;nan;1560;m;7.5;7.42;7.42;7.67;7.42;7.58;10.0;10.0;10.0;7.42;0.12;0.0;Green;49.0
417;693;694;Arabica;Mexico;nan;1400;m;7.42;7.58;7.5;7.42;7.58;7.5;10.0;10.0;10.0;7.42;0.13;0.0;Green;20.0
418;694;695;Arabica;Mexico;nan;1300;m;7.42;7.58;7.33;7.58;7.5;7.5;10.0;10.0;10.0;7.5;0.14;0.0;Green;35.0
419;695;696;Arabica;Mexico;nan;1170;m;7.75;7.33;7.25;7.58;7.58;7.33;10.0;10.0;10.0;7.58;0.13;0.0;Green;10.0
420;696;697;Arabica;Mexico;nan;1300;m;7.5;7.58;7.33;7.5;7.5;7.5;10.0;10.0;10.0;7.5;0.11;0.0;Green;74.0
421;697;698;Arabica;Mexico;nan;1350;m;7.58;7.58;7.17;7.5;7.5;7.5;10.0;10.0;10.0;7.58;0.14;0.0;Green;26.0
422;698;699;Arabica;Mexico;nan;1150;m;7.58;7.33;7.33;7.58;7.5;7.5;10.0;10.0;10.0;7.58;0.11;0.0;Green;10.0
423;700;701;Arabica;Mexico;nan;1450;m;7.83;7.5;7.42;7.67;7.17;7.33;10.0;10.0;10.0;7.5;0.12;0.0;Bluish-Green;10.0
424;702;703;Arabica;Brazil;nan;nan;m;7.75;7.5;7.42;7.42;7.5;7.42;10.0;10.0;10.0;7.42;0.11;0.0;Blue-Green;3060.0
425;705;706;Arabica;Honduras;63;1396;m;7.5;7.58;7.33;7.5;7.42;7.42;10.0;10.0;10.0;7.58;0.1;0.0;Green;18975.0
426;706;707;Arabica;Brazil;0063/17;982;m;7.33;7.5;7.5;7.33;7.5;7.5;10.0;10.0;10.0;7.67;0.11;0.0;Green;640.0
427;707;708;Arabica;Brazil;2016/0001;nan;m;7.42;7.42;7.42;7.5;7.5;7.58;10.0;10.0;10.0;7.5;0.11;0.0;Green;17995.0
428;708;709;Arabica;Brazil;008/16B;934;m;7.5;7.5;7.42;7.5;7.42;7.5;10.0;10.0;10.0;7.5;0.11;0.0;Bluish-Green;19200.0
429;709;710;Arabica;Costa Rica;8270;1850;m;7.75;7.5;7.25;7.25;7.42;7.67;10.0;10.0;10.0;7.5;0.1;6.0;Bluish-Green;6900.0
430;711;712;Arabica;China;YNC-16053;1580;m;7.5;7.58;7.42;7.5;7.42;7.42;10.0;10.0;10.0;7.5;0.12;0.0;Green;180.0
431;712;713;Arabica;Brazil;nan;1268;m;8.25;7.83;7.25;8.33;8.17;8.08;10.0;6.67;10.0;7.75;0.07;0.0;Green;24.0
432;713;714;Arabica;Brazil;nan;nan;m;7.42;7.5;7.5;7.42;7.5;7.58;10.0;10.0;10.0;7.42;0.11;0.0;Green;18000.0
433;714;715;Arabica;Guatemala;nan;5500 metros;ft;7.5;7.42;7.17;7.83;7.5;7.5;10.0;10.0;10.0;7.42;0.1;0.0;Green;18975.0
434;715;716;Arabica;Malawi;nan;1450 m;m;7.33;7.58;7.42;7.58;7.33;7.5;10.0;10.0;10.0;7.58;0.12;0.0;Green;600.0
435;716;717;Arabica;Brazil;nan;1100;m;7.75;8.08;7.67;8.08;8.08;8.0;10.0;10.0;6.67;8.0;0.11;0.0;Blue-Green;20.0
436;717;718;Arabica;Guatemala;nan;5000 ft.;ft;7.58;7.67;7.5;7.58;7.75;7.5;9.33;10.0;10.0;7.42;0.12;0.0;Green;17250.0
437;719;720;Arabica;Colombia;nan;1300;m;7.42;7.33;7.5;7.17;7.08;8.33;10.0;10.0;10.0;7.5;0.1;0.0;Green;750.0
438;720;721;Arabica;Taiwan;nan;200 m;m;7.5;7.5;7.5;7.5;7.5;7.5;10.0;10.0;10.0;7.33;0.11;0.0;Green;200.0
439;721;722;Arabica;Taiwan;nan;600 m;m;7.5;7.5;7.5;7.5;7.5;7.5;10.0;10.0;10.0;7.33;0.11;0.0;Green;300.0
440;722;723;Arabica;Guatemala;nan;4300;ft;7.5;7.42;7.58;7.5;7.5;7.58;10.0;10.0;10.0;7.25;0.12;2.0;Green;17250.0
441;724;725;Arabica;Mexico;nan;1300;m;7.67;7.5;7.42;7.5;7.42;7.42;10.0;10.0;10.0;7.42;0.12;0.0;Green;250.0
442;726;727;Arabica;Guatemala;nan;5500-6000 psnm;ft;7.67;7.5;7.33;7.67;7.5;7.33;10.0;10.0;10.0;7.33;0.11;0.0;Green;18975.0
443;727;728;Arabica;Mexico;nan;441;m;7.58;7.67;7.58;7.33;7.0;7.58;10.0;10.0;10.0;7.58;0.15;1.0;None;10.0
444;728;729;Arabica;Mexico;nan;1170;m;7.67;7.58;7.5;7.58;7.5;7.5;10.0;10.0;10.0;7.0;0.13;0.0;Green;10.0
445;729;730;Arabica;Guatemala;nan;4300;ft;7.5;7.67;7.33;7.5;7.33;7.5;10.0;10.0;10.0;7.5;0.1;2.0;Green;250.0
446;730;731;Arabica;Brazil;nan;1100m;m;7.58;7.5;7.42;7.5;7.5;7.42;10.0;10.0;10.0;7.42;0.12;0.0;Green;960.0
447;731;732;Arabica;Mexico;nan;1200 a 1400;m;8.0;7.75;7.33;7.33;7.08;7.67;9.33;10.0;10.0;7.83;0.11;0.0;Green;10.0
448;732;733;Arabica;Brazil;nan;950m;m;7.58;7.58;7.25;7.58;7.42;7.5;10.0;10.0;10.0;7.42;0.11;0.0;Green;2640.0
449;734;735;Arabica;Brazil;KLEM-C04;1100;m;7.58;7.5;7.25;7.42;7.67;7.33;10.0;10.0;10.0;7.5;0.09;2.0;Green;5310.0
450;735;736;Arabica;Taiwan;1;nan;m;7.0;7.08;7.0;7.17;7.0;7.0;10.0;10.0;10.0;10.0;0.1;0.0;Blue-Green;10.0
451;736;737;Arabica;Guatemala;11/973/158;1450;m;7.67;7.5;7.25;7.67;7.42;7.42;10.0;10.0;10.0;7.33;0.11;0.0;Green;18975.0
452;738;739;Arabica;El Salvador;nan;1500;m;7.58;7.67;7.5;7.67;7.83;8.42;9.33;9.33;9.33;7.58;0.12;0.0;Green;275.0
453;739;740;Arabica;Honduras;nan;1350;m;7.58;7.5;7.42;7.58;7.42;7.42;10.0;10.0;10.0;7.33;0.11;0.0;Green;275.0
454;740;741;Arabica;Malawi;nan;1180m;m;7.58;7.42;7.33;7.42;7.58;7.5;10.0;10.0;10.0;7.42;0.13;0.0;Blue-Green;600.0
455;741;742;Arabica;Brazil;nan;1100;m;7.75;7.58;7.42;7.42;7.33;7.33;10.0;10.0;10.0;7.42;0.11;0.0;Green;640.0
456;742;743;Arabica;Taiwan;nan;650 m;m;7.5;7.5;7.5;7.5;7.5;7.5;10.0;10.0;10.0;7.25;0.11;0.0;Green;2100.0
457;743;744;Arabica;Mexico;nan;1338;m;7.58;7.58;7.42;7.42;7.42;7.42;10.0;10.0;10.0;7.42;0.12;0.0;Blue-Green;150.0
458;745;746;Arabica;Mexico;nan;533;m;7.58;7.58;7.5;7.17;7.42;7.42;10.0;10.0;10.0;7.58;0.16;3.0;None;10.0
459;746;747;Arabica;Guatemala;nan;4563;ft;7.5;7.5;7.33;7.58;7.67;7.33;10.0;10.0;10.0;7.33;0.11;0.0;Green;18975.0
460;747;748;Arabica;Mexico;nan;1170;m;7.5;7.58;7.42;7.67;7.33;7.42;10.0;10.0;10.0;7.33;0.13;0.0;Green;10.0
461;748;749;Arabica;Mexico;nan;1250;m;7.67;7.58;7.33;7.5;7.42;7.42;10.0;10.0;10.0;7.33;0.12;0.0;Green;40.0
462;750;751;Arabica;Mexico;nan;1100;m;7.33;7.58;7.42;7.67;7.33;7.5;10.0;10.0;10.0;7.42;0.11;0.0;Green;250.0
463;751;752;Arabica;Mexico;nan;900;m;7.42;7.5;7.42;7.58;7.42;7.5;10.0;10.0;10.0;7.42;0.1;0.0;Green;250.0
464;752;753;Arabica;Colombia;nan;1750;m;7.5;7.42;7.67;7.33;7.58;7.33;10.0;10.0;10.0;7.42;0.12;0.0;Green;17500.0
465;753;754;Arabica;Colombia;nan;de 1600 a 1950 msnm;m;7.67;7.33;7.33;7.33;7.5;7.5;10.0;10.0;10.0;7.58;0.11;0.0;Green;7000.0
466;754;755;Arabica;Brazil;nan;nan;m;7.67;7.58;7.42;7.0;7.5;7.58;10.0;10.0;10.0;7.5;0.12;0.0;Green;5040.0
467;756;757;Arabica;Brazil;007/16C;934;m;7.42;7.42;7.5;7.42;7.42;7.5;10.0;10.0;10.0;7.5;0.11;0.0;Green;19200.0
468;757;758;Arabica;Honduras;118;1500;m;7.5;7.5;7.17;7.42;7.5;7.5;10.0;10.0;10.0;7.58;0.11;0.0;Bluish-Green;13800.0
469;758;759;Arabica;Nicaragua;017/105/16042;1000;m;7.5;7.5;7.33;7.42;7.5;7.42;10.0;10.0;10.0;7.5;0.1;0.0;Green;18975.0
470;759;760;Arabica;Tanzania, United Republic Of;nan;1500-1800;m;7.58;7.42;7.42;7.33;7.5;7.42;10.0;10.0;10.0;7.5;0.13;1.0;Green;2400.0
471;760;761;Arabica;Tanzania, United Republic Of;nan;1600;m;7.42;7.42;7.42;7.5;7.5;7.33;10.0;10.0;10.0;7.58;0.12;0.0;Green;18000.0
472;762;763;Arabica;Thailand;nan;800++;m;7.42;7.42;7.17;7.75;7.25;7.67;10.0;10.0;10.0;7.5;0.12;0.0;Bluish-Green;1.0
473;763;764;Arabica;Honduras;nan;1350;m;7.67;7.5;7.25;7.42;7.58;7.42;10.0;10.0;10.0;7.33;0.11;0.0;Green;275.0
474;764;765;Arabica;Guatemala;nan;1500;m;7.42;7.42;7.5;7.5;7.42;7.5;10.0;10.0;10.0;7.42;0.09;0.0;Blue-Green;17250.0
475;765;766;Arabica;Brazil;nan;nan;m;7.58;7.5;7.42;7.25;7.5;7.42;10.0;10.0;10.0;7.5;0.12;0.0;Green;18000.0
476;766;767;Arabica;Tanzania, United Republic Of;nan;1700;m;7.75;7.42;7.42;7.58;7.33;7.42;10.0;10.0;10.0;7.25;0.12;0.0;Green;600.0
477;767;768;Arabica;Mexico;nan;1100;m;7.42;7.33;7.17;7.42;7.33;8.17;10.0;10.0;10.0;7.33;0.12;0.0;Green;200.0
478;768;769;Arabica;Mexico;nan;1200-1600m;m;7.5;7.5;7.33;7.42;7.5;7.42;10.0;10.0;10.0;7.5;0.1;1.0;None;4.0
479;769;770;Arabica;Taiwan;nan;1200 m;m;7.5;7.5;7.5;7.5;7.5;7.5;10.0;10.0;10.0;7.17;0.11;0.0;Green;3600.0
480;772;773;Arabica;Mexico;nan;1144;m;7.5;7.67;7.0;7.5;7.33;7.5;10.0;10.0;10.0;7.67;0.15;1.0;None;10.0
481;773;774;Arabica;Guatemala;nan;1350;m;7.25;7.75;7.0;7.75;8.17;7.75;10.0;10.0;9.33;7.17;0.12;0.0;None;250.0
482;774;775;Arabica;Mexico;nan;1000;m;7.5;7.58;7.25;7.5;7.5;7.33;10.0;10.0;10.0;7.5;0.12;0.0;Green;200.0
483;775;776;Arabica;Mexico;nan;1200;m;7.0;7.67;7.5;7.5;7.42;7.5;10.0;10.0;10.0;7.58;0.1;0.0;Green;60.0
484;779;780;Arabica;Brazil;007/16B;894;m;7.42;7.58;7.42;7.5;7.42;7.25;10.0;10.0;10.0;7.5;0.11;0.0;Green;19200.0
485;782;783;Arabica;Tanzania, United Republic Of;nan;1500;m;7.42;7.33;7.42;7.42;7.5;7.58;10.0;10.0;10.0;7.42;0.12;0.0;Green;600.0
486;783;784;Arabica;Tanzania, United Republic Of;nan;1500 - 1700;m;7.42;7.5;7.5;7.33;7.33;7.5;10.0;10.0;10.0;7.5;0.12;0.0;Green;60.0
487;785;786;Arabica;Costa Rica;nan;1.3;m;7.58;7.33;7.33;7.33;7.5;7.67;10.0;10.0;10.0;7.33;0.11;0.0;Green;10350.0
488;787;788;Arabica;Mexico;nan;1300;m;7.42;7.58;7.5;7.33;7.42;7.42;10.0;10.0;10.0;7.42;0.13;0.0;Green;35.0
489;788;789;Arabica;Mexico;nan;1800;m;7.5;7.42;7.42;7.5;7.25;7.5;10.0;10.0;10.0;7.5;0.13;3.0;Green;250.0
490;789;790;Arabica;Mexico;nan;1250;m;7.67;7.5;7.25;7.58;7.42;7.33;10.0;10.0;10.0;7.33;0.11;0.0;Green;15.0
491;790;791;Arabica;Vietnam;nan;1040m;m;7.67;8.0;7.17;7.08;7.67;7.08;10.0;10.0;10.0;7.42;0.12;0.0;Green;2.0
492;791;792;Arabica;Mexico;nan;1250;m;7.58;7.42;7.25;7.75;7.33;7.42;10.0;10.0;10.0;7.33;0.11;0.0;Green;250.0
493;794;795;Arabica;Honduras;47;1600;m;7.5;7.5;7.17;7.5;7.5;7.42;10.0;10.0;10.0;7.42;0.12;0.0;Green;18975.0
494;795;796;Arabica;Honduras;47;1600;m;7.5;7.5;7.25;7.33;7.42;7.5;10.0;10.0;10.0;7.5;0.1;0.0;Green;18975.0
495;796;797;Arabica;Brazil;007/16G;944;m;7.5;7.33;7.42;7.5;7.33;7.42;10.0;10.0;10.0;7.5;0.11;0.0;Green;13800.0
496;797;798;Arabica;Tanzania, United Republic Of;nan;1500-1800;m;7.67;7.33;7.33;7.42;7.42;7.42;10.0;10.0;10.0;7.42;0.13;0.0;Green;160.0
497;798;799;Arabica;Laos;nan;1250m;m;7.42;7.5;7.25;7.33;7.5;7.5;10.0;10.0;10.0;7.5;0.12;0.0;Blue-Green;2.0
498;799;800;Arabica;Tanzania, United Republic Of;nan;1300- 1400;m;7.42;7.42;7.33;7.58;7.33;7.42;10.0;10.0;10.0;7.5;0.12;0.0;Green;60.0
499;800;801;Arabica;Malawi;nan;2500m;m;7.5;7.42;7.33;7.58;7.33;7.5;10.0;10.0;10.0;7.33;0.13;0.0;Bluish-Green;960.0
500;801;802;Arabica;Taiwan;nan;600m;m;7.33;7.5;7.17;7.42;7.5;7.33;10.0;10.0;10.0;7.75;0.09;0.0;Green;1000.0
501;802;803;Arabica;Thailand;nan;800++;m;7.58;7.5;7.42;7.42;7.33;7.42;10.0;10.0;10.0;7.33;0.11;0.0;Green;1.0
502;803;804;Arabica;Costa Rica;nan;1200-1400;m;7.5;7.25;7.33;7.33;7.75;7.5;10.0;10.0;10.0;7.33;0.1;0.0;Green;250.0
503;804;805;Arabica;Honduras;nan;1400 m.s.n.m.;m;7.33;7.33;7.33;7.5;7.5;7.83;10.0;10.0;10.0;7.17;0.11;0.0;Green;18975.0
504;805;806;Arabica;Colombia;nan;1800 - 2000;m;7.33;7.33;7.58;7.5;7.5;7.58;10.0;10.0;10.0;7.17;0.11;0.0;Green;17500.0
505;806;807;Arabica;Taiwan;nan;600-700 m;m;7.42;7.58;7.33;7.42;8.0;7.5;9.33;10.0;10.0;7.42;0.12;0.0;Bluish-Green;300.0
506;807;808;Arabica;Brazil;nan;894m - 1183m;m;7.33;7.67;7.42;7.17;7.33;7.42;10.0;10.0;10.0;7.67;0.11;0.0;Blue-Green;2.0
507;808;809;Arabica;Mexico;nan;940;m;7.67;7.33;7.25;7.5;7.42;7.42;10.0;10.0;10.0;7.42;0.12;0.0;Green;15.0
508;809;810;Arabica;Brazil;nan;1000m;m;7.42;7.5;7.33;7.5;7.33;7.5;10.0;10.0;10.0;7.42;0.12;0.0;Green;3000.0
509;810;811;Arabica;Brazil;nan;1050m;m;7.42;7.5;7.25;7.5;7.5;7.42;10.0;10.0;10.0;7.42;0.11;0.0;Blue-Green;4500.0
510;811;812;Arabica;Guatemala;nan;nan;m;7.33;7.33;7.33;7.5;7.67;7.67;10.0;10.0;10.0;7.17;0.11;0.0;Green;250.0
511;812;813;Arabica;Brazil;nan;950m;m;7.58;7.5;7.17;7.5;7.5;7.42;10.0;10.0;10.0;7.33;0.12;0.0;Green;3180.0
512;815;816;Arabica;Guatemala;11/23/0633;1901;m;7.58;7.5;7.25;7.58;7.58;7.5;9.33;10.0;10.0;7.58;0.1;0.0;Green;1725.0
513;816;817;Arabica;Guatemala;11/23/0515;4000;ft;7.5;7.5;7.25;7.42;7.42;7.42;10.0;10.0;10.0;7.42;0.11;0.0;Green;3450.0
514;817;818;Arabica;Honduras;63;1400;m;7.58;7.5;7.25;7.33;7.42;7.5;10.0;10.0;10.0;7.33;0.12;0.0;Green;18358.0
515;818;819;Arabica;Brazil;2016/0002;1020;m;7.42;7.33;7.33;7.5;7.5;7.33;10.0;10.0;10.0;7.5;0.11;0.0;Green;17995.0
516;819;820;Arabica;El Salvador;nan;1250;m;7.67;7.58;7.33;7.5;7.5;7.67;10.0;10.0;9.33;7.33;0.11;0.0;Green;18975.0
517;820;821;Arabica;Guatemala;nan;1300 a 1800 mtrs. a nivel del mar;m;7.58;7.58;7.17;7.83;7.17;7.33;10.0;10.0;10.0;7.25;0.11;0.0;Green;18975.0
518;821;822;Arabica;Tanzania, United Republic Of;nan;1877;m;7.33;7.33;7.33;7.42;7.5;7.58;10.0;10.0;10.0;7.42;0.12;0.0;Green;6840.0
519;824;825;Arabica;Honduras;nan;nan;m;7.42;7.33;7.33;7.58;7.33;7.5;10.0;10.0;10.0;7.42;0.11;0.0;Green;2.0
520;825;826;Arabica;Taiwan;nan;1000 m;m;7.5;7.5;7.42;7.25;7.5;7.5;10.0;10.0;10.0;7.25;0.11;0.0;Green;1050.0
521;826;827;Arabica;Mexico;nan;1300;m;7.58;7.5;7.25;7.58;7.5;7.25;10.0;10.0;10.0;7.25;0.12;0.0;Green;450.0
522;827;828;Arabica;Mexico;nan;981;m;7.5;7.5;7.25;7.25;7.5;7.5;10.0;10.0;10.0;7.42;0.13;2.0;None;10.0
523;828;829;Arabica;Mexico;nan;690;m;7.5;7.42;7.25;7.5;7.33;7.33;10.0;10.0;10.0;7.58;0.14;2.0;None;10.0
524;829;830;Arabica;Mexico;nan;1650;m;7.33;7.58;7.17;7.58;7.42;7.33;10.0;10.0;10.0;7.5;0.12;0.0;Green;30.0
525;830;831;Arabica;Mexico;nan;1000;m;7.67;7.42;7.33;7.83;7.5;7.5;9.33;10.0;10.0;7.33;0.12;0.0;Green;62.0
526;831;832;Arabica;Brazil;nan;1100m;m;7.42;7.58;7.25;7.5;7.33;7.5;10.0;10.0;10.0;7.33;0.12;0.0;Green;480.0
527;833;834;Arabica;Guatemala;11/23/0634;518;ft;7.42;7.5;7.25;7.5;7.33;7.42;10.0;10.0;10.0;7.42;0.1;1.0;Green;1725.0
528;835;836;Arabica;Brazil;2017/001;973;m;7.42;7.5;7.42;7.5;7.42;7.25;10.0;10.0;10.0;7.33;0.11;0.0;Green;11800.0
529;836;837;Arabica;Indonesia;BALI INTEN DEWATA;1250;m;7.75;7.83;7.58;7.75;7.92;7.83;10.0;10.0;10.0;5.17;0.11;0.0;Green;4980.0
530;837;838;Arabica;Guatemala;11/23/0507;3280;m;7.58;7.5;7.33;7.42;7.58;7.25;10.0;10.0;10.0;7.17;0.1;2.0;Green;8970.0
531;841;842;Arabica;Mexico;nan;1350-1500;m;7.58;7.5;7.33;7.5;7.17;7.33;10.0;10.0;10.0;7.42;0.11;0.0;Green;500.0
532;842;843;Arabica;Honduras;nan;1400 msnm;m;7.5;7.5;7.33;7.5;7.42;7.25;10.0;10.0;10.0;7.33;0.12;0.0;Green;275.0
533;843;844;Arabica;Costa Rica;nan;1200-1400 masl;m;7.67;7.5;7.5;7.25;7.08;7.42;10.0;10.0;10.0;7.42;0.09;0.0;Green;5218125.0
534;845;846;Arabica;Indonesia;nan;1300m;m;7.42;7.42;7.42;7.33;7.42;7.42;10.0;10.0;10.0;7.42;0.11;2.0;None;3000.0
535;846;847;Arabica;Malawi;nan;1556m;m;7.58;7.42;7.33;7.33;7.33;7.42;10.0;10.0;10.0;7.42;0.13;0.0;Green;1440.0
536;847;848;Arabica;Brazil;nan;1100;m;7.33;7.58;7.25;7.17;7.83;7.33;10.0;10.0;10.0;7.33;0.11;0.0;Green;640.0
537;848;849;Arabica;Honduras;nan;1350;m;7.5;7.5;7.33;7.33;7.33;7.33;10.0;10.0;10.0;7.5;0.1;0.0;Green;275.0
538;849;850;Arabica;Mexico;nan;1550 meters;m;7.42;7.42;7.25;7.5;7.33;7.42;10.0;10.0;10.0;7.5;0.11;0.0;Green;560.0
539;852;853;Arabica;Brazil;nan;1250;m;7.75;7.75;7.5;7.42;7.83;7.75;9.33;9.33;9.33;7.83;0.12;0.0;Bluish-Green;18000.0
540;853;854;Arabica;Guatemala;nan;4300;ft;7.83;7.67;7.33;7.33;7.67;7.83;9.33;10.0;9.33;7.5;0.11;0.0;Green;17250.0
541;854;855;Arabica;Mexico;nan;1500;m;7.83;7.33;7.25;7.58;7.25;7.33;10.0;10.0;10.0;7.25;0.12;0.0;Green;302.0
542;855;856;Arabica;Mexico;nan;1250;m;7.33;7.33;7.25;7.5;7.5;7.5;10.0;10.0;10.0;7.42;0.12;0.0;Green;15.0
543;859;860;Arabica;Guatemala;11/23/0514;1700;m;7.5;7.5;7.25;7.42;7.42;7.33;10.0;10.0;10.0;7.33;0.11;0.0;Green;3450.0
544;860;861;Arabica;Vietnam;nan;1040;m;7.0;7.08;7.33;7.5;7.5;7.33;10.0;10.0;10.0;8.0;0.12;0.0;Bluish-Green;2.0
545;861;862;Arabica;Tanzania, United Republic Of;nan;1500 - 1700;m;7.42;7.42;7.42;7.42;7.33;7.33;10.0;10.0;10.0;7.42;0.12;0.0;Bluish-Green;60.0
546;863;864;Arabica;Mexico;nan;774;m;7.5;7.5;7.33;7.42;7.25;7.25;10.0;10.0;10.0;7.5;0.13;2.0;None;10.0
547;864;865;Arabica;Mexico;nan;1250;m;7.42;7.5;7.17;7.67;7.33;7.42;10.0;10.0;10.0;7.25;0.13;0.0;Green;100.0
548;865;866;Arabica;Mexico;nan;1100;m;7.42;7.5;7.33;7.58;7.33;7.33;10.0;10.0;10.0;7.25;0.11;0.0;Green;42.0
549;866;867;Arabica;Mexico;nan;1550;m;7.33;7.42;7.33;7.67;7.42;7.25;10.0;10.0;10.0;7.33;0.12;10.0;Green;250.0
550;870;871;Arabica;Brazil;019/17;890;m;7.42;7.5;7.25;7.5;7.5;7.25;10.0;10.0;10.0;7.25;0.11;0.0;Green;19200.0
551;871;872;Arabica;Guatemala;11/23/0640;1700;m;7.42;7.42;7.08;7.42;7.33;7.42;10.0;10.0;10.0;7.58;0.1;0.0;Green;3450.0
552;872;873;Arabica;Guatemala;11/23/0701;4000;ft;7.42;7.33;7.17;7.67;7.33;7.42;10.0;10.0;10.0;7.33;0.12;0.0;Green;5520.0
553;873;874;Arabica;Honduras;340;1450;m;7.58;7.5;7.33;7.33;7.42;7.25;10.0;10.0;10.0;7.25;0.11;0.0;Blue-Green;18975.0
554;875;876;Arabica;Nicaragua;345725 / K1620088;nan;m;7.58;7.5;7.25;7.25;7.5;7.25;10.0;10.0;10.0;7.33;0.1;0.0;Green;18975.0
555;878;879;Arabica;Tanzania, United Republic Of;nan;1200-1800m;m;7.42;7.33;7.25;7.42;7.5;7.42;10.0;10.0;10.0;7.33;0.12;0.0;Green;1200.0
556;879;880;Arabica;Tanzania, United Republic Of;nan;1700;m;7.33;7.33;7.5;7.25;7.42;7.33;10.0;10.0;10.0;7.5;0.12;0.0;Green;600.0
557;880;881;Arabica;Brazil;nan;1260;m;7.25;7.42;7.25;7.5;7.5;7.42;10.0;10.0;10.0;7.33;0.1;0.0;Green;600.0
558;881;882;Arabica;Indonesia;nan;nan;m;7.17;7.42;7.33;7.42;7.33;7.42;10.0;10.0;10.0;7.58;0.11;0.0;Bluish-Green;1280.0
559;882;883;Arabica;Honduras;nan;1400;m;7.5;7.33;7.5;7.5;7.17;7.17;10.0;10.0;10.0;7.5;0.1;0.0;Green;275.0
560;883;884;Arabica;Costa Rica;nan;1850;m;7.5;7.17;7.17;7.17;7.5;7.08;10.0;10.0;10.0;8.08;0.11;0.0;Green;18975.0
561;885;886;Arabica;Taiwan;nan;150 m;m;7.5;7.5;7.5;7.25;7.42;7.25;10.0;10.0;10.0;7.25;0.11;0.0;Green;300.0
562;886;887;Arabica;Taiwan;nan;750 m;m;7.58;7.42;7.33;7.42;7.33;7.33;10.0;10.0;10.0;7.25;0.11;0.0;Green;300.0
563;887;888;Arabica;Mexico;nan;1400;m;7.5;7.42;7.08;7.58;7.33;7.33;10.0;10.0;10.0;7.42;0.12;0.0;Green;310.0
564;888;889;Arabica;Guatemala;nan;5500-6000 psnm;ft;7.5;7.67;7.33;7.33;7.33;7.33;10.0;10.0;10.0;7.17;0.11;0.0;Green;18975.0
565;889;890;Arabica;Mexico;nan;1650;m;7.25;7.67;7.58;7.67;7.67;7.58;8.67;10.0;10.0;7.58;0.13;1.0;Green;100.0
566;890;891;Arabica;Mexico;nan;1400;m;7.67;7.25;7.17;7.75;7.5;7.25;10.0;10.0;10.0;7.08;0.11;0.0;Green;15.0
567;891;892;Arabica;Mexico;nan;1200;m;7.5;7.42;7.33;7.42;7.42;7.42;10.0;10.0;10.0;7.17;0.11;0.0;Green;275.0
568;892;893;Arabica;Mexico;nan;1400;m;7.58;7.42;7.25;7.58;7.25;7.17;10.0;10.0;10.0;7.42;0.11;0.0;Green;250.0
569;893;894;Arabica;Mexico;nan;940;m;7.75;7.58;7.25;7.17;7.58;7.33;9.33;10.0;10.0;7.67;0.11;0.0;Green;12.0
570;895;896;Arabica;Honduras;174.18;1200;m;7.5;7.42;7.08;7.42;7.5;7.33;10.0;10.0;10.0;7.33;0.11;0.0;Blue-Green;18975.0
571;896;897;Arabica;Guatemala;11/23/0368;190164;m;7.42;7.42;7.08;7.5;7.42;7.33;10.0;10.0;10.0;7.42;0.12;0.0;Green;1725.0
572;897;898;Arabica;Taiwan;2016 Washed;800;m;7.42;7.42;7.25;7.67;7.33;7.25;10.0;10.0;10.0;7.25;0.1;0.0;Blue-Green;1000.0
573;898;899;Arabica;Costa Rica;nan;1.3;m;7.58;7.42;7.5;7.17;7.08;7.58;10.0;10.0;10.0;7.25;0.12;0.0;Green;17250.0
574;899;900;Arabica;Tanzania, United Republic Of;nan;1800;m;7.42;7.42;7.33;7.42;7.42;7.33;10.0;10.0;10.0;7.25;0.12;0.0;Green;6000.0
575;900;901;Arabica;Malawi;nan;1100m;m;7.42;7.42;7.17;7.58;7.33;7.33;10.0;10.0;10.0;7.33;0.13;0.0;Green;600.0
576;902;903;Arabica;Brazil;nan;1260;m;7.42;7.42;7.33;7.33;7.5;7.25;10.0;10.0;10.0;7.33;0.12;0.0;Blue-Green;18000.0
577;903;904;Arabica;Guatemala;nan;4300;ft;7.42;7.33;7.17;7.58;7.42;7.5;10.0;10.0;10.0;7.17;0.12;0.0;Green;17250.0
578;904;905;Arabica;Mexico;nan;1400;m;7.67;7.5;7.42;7.5;6.75;7.42;10.0;10.0;10.0;7.33;0.12;0.0;Green;310.0
579;910;911;Arabica;Guatemala;11/23/0688;4000;ft;7.67;7.58;7.17;7.42;7.33;7.42;9.33;10.0;10.0;7.58;0.1;0.0;Green;3450.0
580;911;912;Arabica;Nicaragua;017-053-0211 / 017-053-0212;1100;m;7.5;7.42;7.33;7.33;7.25;7.33;10.0;10.0;10.0;7.33;0.11;0.0;Green;37950.0
581;912;913;Arabica;Honduras;98;1400;m;7.5;7.5;7.33;7.42;7.17;7.25;10.0;10.0;10.0;7.33;0.1;0.0;Green;18975.0
582;913;914;Arabica;Guatemala;11/23/0367;nan;m;7.5;7.42;7.25;7.25;7.5;7.25;10.0;10.0;10.0;7.33;0.12;0.0;Green;3450.0
583;914;915;Arabica;Taiwan;nan;160-200m;m;7.5;7.42;7.33;7.08;7.58;7.25;10.0;10.0;10.0;7.33;0.12;0.0;Green;246.0
584;916;917;Arabica;Costa Rica;nan;1200 msm;m;7.83;7.33;7.08;7.08;7.33;7.5;10.0;10.0;10.0;7.33;0.12;1.0;Green;250.0
585;917;918;Arabica;Malawi;nan;1599m;m;7.67;7.42;6.92;7.5;7.5;7.17;10.0;10.0;10.0;7.33;0.12;0.0;Green;900.0
586;918;919;Arabica;Guatemala;nan;4000 psnm;ft;7.5;7.42;7.17;7.58;7.25;7.42;10.0;10.0;10.0;7.17;0.12;0.0;Green;17250.0
587;923;923;Arabica;Taiwan;nan;600 m;m;7.5;7.42;7.25;7.25;7.33;7.33;10.0;10.0;10.0;7.42;0.11;0.0;Green;150.0
588;924;924;Arabica;Mexico;nan;1150;m;7.33;7.33;7.17;7.42;7.5;7.5;10.0;10.0;10.0;7.25;0.13;0.0;Green;250.0
589;925;925;Arabica;Mexico;nan;1600;m;7.58;7.42;7.25;7.42;7.33;7.33;10.0;10.0;10.0;7.17;0.12;0.0;Green;250.0
590;926;926;Arabica;Mexico;nan;1100;m;7.42;7.25;7.17;7.42;7.17;8.0;10.0;10.0;10.0;7.08;0.12;0.0;Green;30.0
591;927;927;Arabica;Mexico;nan;1000;m;7.33;7.5;7.33;7.33;7.33;7.42;10.0;10.0;10.0;7.25;0.11;0.0;Green;20.0
592;928;928;Arabica;Mexico;nan;1250;m;7.42;7.42;7.33;7.17;7.25;7.42;10.0;10.0;10.0;7.5;0.13;0.0;Green;4000.0
593;929;929;Arabica;Mexico;nan;1100;m;7.5;7.5;7.25;7.5;7.42;7.58;9.33;10.0;10.0;7.42;0.11;0.0;Green;15.0
594;930;930;Arabica;Indonesia;nan;1200-1600masl;m;7.75;7.17;7.17;7.33;7.58;7.33;10.0;10.0;10.0;7.17;0.12;0.0;Green;600.0
595;931;931;Arabica;Brazil;nan;1.25;m;7.5;7.42;7.17;7.42;7.5;7.33;10.0;10.0;10.0;7.17;0.12;0.0;Blue-Green;300.0
596;932;932;Arabica;Guatemala;nan;nan;m;7.33;7.5;7.33;7.42;7.17;7.33;10.0;10.0;10.0;7.42;0.11;0.0;Green;250.0
597;935;935;Arabica;Mexico;016-1273-098;1100;m;7.58;7.33;7.08;7.33;7.5;7.33;10.0;10.0;10.0;7.25;0.12;1.0;Green;13800.0
598;936;936;Arabica;Guatemala;11/326/14;4500;ft;7.42;7.33;7.08;7.58;7.33;7.25;10.0;10.0;10.0;7.42;0.1;0.0;Green;31050.0
599;937;937;Arabica;Brazil;nan;1100;m;7.33;7.5;7.5;7.33;6.83;7.42;10.0;10.0;10.0;7.5;0.11;0.0;Green;18000.0
600;938;938;Arabica;Honduras;nan;1400 msnm;m;7.5;7.33;7.17;7.25;7.5;7.42;10.0;10.0;10.0;7.25;0.12;0.0;Green;275.0
601;939;939;Arabica;Taiwan;nan;110??;m;7.83;7.75;7.42;7.17;7.08;7.08;10.0;10.0;10.0;7.08;0.12;0.0;Green;600.0
602;940;940;Arabica;Malawi;nan;1422;m;7.58;7.17;7.33;7.42;7.08;7.42;10.0;10.0;10.0;7.42;0.12;0.0;Bluish-Green;720.0
603;942;942;Arabica;Guatemala;nan;1550 mts.;m;7.42;7.5;7.17;7.42;7.42;7.42;10.0;10.0;10.0;7.08;0.1;0.0;Green;17250.0
604;945;945;Arabica;Guatemala;nan;4300;ft;7.42;7.33;7.25;7.42;7.42;7.5;10.0;10.0;10.0;7.08;0.12;0.0;Green;17250.0
605;946;946;Arabica;Mexico;nan;763;m;7.42;7.33;7.25;7.17;7.25;7.42;10.0;10.0;10.0;7.58;0.13;1.0;None;10.0
606;948;948;Arabica;Colombia;nan;1750 m.s.n.m;m;7.5;7.42;7.25;7.17;7.17;7.75;10.0;10.0;10.0;7.17;0.11;0.0;Green;17500.0
607;952;952;Arabica;Honduras;149;1500;m;7.5;7.5;7.0;7.17;7.5;7.33;10.0;10.0;10.0;7.33;0.11;0.0;Bluish-Green;18975.0
608;953;953;Arabica;Mexico;1;1130;m;7.67;7.42;7.0;7.42;7.58;7.08;10.0;10.0;10.0;7.17;0.12;0.0;Green;15180.0
609;954;954;Arabica;Brazil;nan;1100;m;7.25;7.33;7.33;7.33;7.33;7.42;10.0;10.0;10.0;7.33;0.11;0.0;Green;18000.0
610;955;955;Arabica;Honduras;nan;1350;m;7.58;7.42;7.17;7.42;7.17;7.17;10.0;10.0;10.0;7.42;0.09;0.0;Green;275.0
611;956;956;Arabica;Brazil;nan;1200;m;7.17;7.33;7.42;7.25;7.42;7.33;10.0;10.0;10.0;7.42;0.12;0.0;Green;18000.0
612;957;957;Arabica;Philippines;nan;1400 masl;m;7.08;7.33;7.42;7.33;7.33;7.5;10.0;10.0;10.0;7.33;0.14;0.0;Green;4.0
613;958;958;Arabica;Malawi;nan;1200m;m;7.75;7.33;7.08;7.33;7.33;7.25;10.0;10.0;10.0;7.25;0.13;0.0;Green;1860.0
614;959;959;Arabica;Honduras;nan;1450 msnm;m;7.33;7.33;7.17;7.33;7.5;7.33;10.0;10.0;10.0;7.33;0.12;0.0;Green;275.0
615;960;960;Arabica;Mexico;nan;1800;m;7.58;7.42;7.25;7.33;7.25;7.25;10.0;10.0;10.0;7.25;0.13;4.0;Green;250.0
616;961;961;Arabica;Mexico;nan;1000;m;7.33;7.25;7.17;7.42;7.58;7.33;10.0;10.0;10.0;7.25;0.12;0.0;None;70.0
617;965;963;Arabica;Taiwan;2016NA Lot001;680;m;7.83;7.75;7.67;7.83;7.83;7.75;9.33;10.0;10.0;5.25;0.12;0.0;Green;1000.0
618;967;965;Arabica;Nicaragua;nan;1100;m;7.08;7.5;7.33;7.17;7.42;7.25;10.0;10.0;10.0;7.5;0.1;0.0;Green;18975.0
619;968;966;Arabica;Honduras;nan;1400 msn;m;7.42;7.17;7.17;7.5;7.33;7.25;10.0;10.0;10.0;7.42;0.12;0.0;Green;275.0
620;970;968;Arabica;Tanzania, United Republic Of;nan;1700;m;7.33;7.17;7.17;7.5;7.25;7.42;10.0;10.0;10.0;7.42;0.13;0.0;Green;6000.0
621;971;969;Arabica;Taiwan;nan;650 m;m;7.5;7.5;7.25;7.25;7.25;7.25;10.0;10.0;10.0;7.25;0.11;0.0;Green;300.0
622;972;970;Arabica;Guatemala;nan;5000 f;ft;7.5;7.33;7.5;7.58;7.0;7.25;10.0;10.0;10.0;7.08;0.11;0.0;Green;17250.0
623;973;971;Arabica;Mexico;nan;1500;m;7.42;7.42;7.33;7.33;7.5;7.42;9.33;10.0;10.0;7.5;0.12;0.0;Green;250.0
624;974;972;Arabica;Nicaragua;017-053-0134;1200;m;7.33;7.5;7.17;7.17;7.58;7.17;10.0;10.0;10.0;7.25;0.09;0.0;Green;18975.0
625;975;973;Arabica;Tanzania, United Republic Of;nan;100/2000;m;7.67;7.17;7.17;7.33;7.5;7.17;10.0;10.0;10.0;7.17;0.12;0.0;Green;6000.0
626;976;974;Arabica;Mexico;nan;1200;m;7.75;7.58;7.08;7.25;7.08;7.25;10.0;10.0;10.0;7.17;0.12;0.0;Green;275.0
627;977;975;Arabica;Costa Rica;nan;1200-1400 masl;m;7.5;7.5;7.33;7.17;7.08;7.17;10.0;10.0;10.0;7.42;0.11;0.0;Bluish-Green;5218125.0
628;978;976;Arabica;Honduras;nan;1450 mals;m;7.42;7.33;7.0;7.42;7.33;7.33;10.0;10.0;10.0;7.33;0.13;0.0;Green;275.0
629;979;977;Arabica;Thailand;nan;1400-1500 m;m;6.83;7.42;7.42;7.17;7.5;7.42;10.0;10.0;10.0;7.42;0.12;0.0;Blue-Green;400.0
630;981;979;Arabica;Tanzania, United Republic Of;nan;1550;m;7.58;7.17;7.17;7.33;7.33;7.25;10.0;10.0;10.0;7.33;0.12;0.0;Bluish-Green;19200.0
631;982;980;Arabica;Malawi;nan;990-1000m;m;7.58;7.25;7.33;7.08;7.33;7.33;10.0;10.0;10.0;7.25;0.12;0.0;Green;18000.0
632;983;981;Arabica;Costa Rica;nan;1200-1400;m;7.33;7.08;7.33;7.25;7.33;7.58;10.0;10.0;10.0;7.25;0.11;0.0;Green;250.0
633;984;982;Arabica;Brazil;nan;nan;m;7.42;7.42;7.17;7.42;7.33;7.25;10.0;10.0;10.0;7.17;0.11;0.0;Green;300.0
634;985;983;Arabica;Mexico;nan;1800;m;7.42;7.25;7.08;7.75;7.42;7.17;10.0;10.0;10.0;7.08;0.13;3.0;Green;250.0
635;986;984;Arabica;Guatemala;nan;1450;m;7.42;7.25;7.33;7.25;7.25;7.42;10.0;10.0;10.0;7.25;0.12;0.0;Green;250.0
636;987;985;Arabica;Brazil;nan;1000m;m;7.42;7.33;7.25;7.42;7.5;7.17;10.0;10.0;10.0;7.08;0.12;0.0;Green;1020.0
637;990;988;Arabica;Brazil;14;695;m;7.58;7.42;7.5;7.25;7.75;7.58;9.33;10.0;9.33;7.33;0.11;5.0;Green;30000.0
638;993;991;Arabica;Tanzania, United Republic Of;nan;1456;m;7.42;7.33;7.33;7.25;7.25;7.33;10.0;10.0;10.0;7.17;0.13;0.0;Green;3240.0
639;994;992;Arabica;Costa Rica;nan;1500 mts;m;7.42;7.25;7.17;7.25;7.25;7.58;10.0;10.0;10.0;7.17;0.13;0.0;Green;250.0
640;996;994;Arabica;Mexico;nan;1650;m;7.25;7.42;7.33;7.33;7.17;7.33;10.0;10.0;10.0;7.25;0.13;5.0;None;100.0
641;997;995;Arabica;Mexico;nan;1300;m;7.33;7.25;7.33;7.42;7.25;7.42;10.0;10.0;10.0;7.08;0.12;0.0;Green;30.0
642;998;996;Arabica;Mexico;nan;1642;m;7.33;7.33;7.25;7.42;7.25;7.25;10.0;10.0;10.0;7.25;0.11;0.0;Green;40.0
643;999;997;Arabica;Mexico;nan;1200;m;7.42;7.33;7.25;7.42;7.17;7.25;10.0;10.0;10.0;7.25;0.1;0.0;Green;15.0
644;1001;999;Arabica;Brazil;43104350 - K25247;nan;m;7.25;7.25;7.17;7.5;7.33;7.17;10.0;10.0;10.0;7.33;0.11;0.0;Green;17700.0
645;1003;1001;Arabica;Brazil;43103820 - K24258 - 030/16;nan;m;7.33;7.17;7.17;7.67;7.33;7.17;10.0;10.0;10.0;7.17;0.11;0.0;Bluish-Green;17700.0
646;1004;1002;Arabica;Guatemala;11/23/0506;3280;m;7.42;7.25;7.17;7.5;7.25;7.17;10.0;10.0;10.0;7.25;0.09;0.0;Green;8280.0
647;1006;1004;Arabica;Guatemala;nan;4000psn;ft;7.5;7.25;7.0;7.25;7.5;7.25;10.0;10.0;10.0;7.25;0.11;0.0;Green;17250.0
648;1007;1005;Arabica;Taiwan;nan;758m;m;7.25;7.17;7.17;7.25;7.5;7.33;10.0;10.0;10.0;7.33;0.12;0.0;Bluish-Green;50.0
649;1008;1006;Arabica;Honduras;nan;1350 snn;m;7.42;7.25;7.25;7.33;7.25;7.17;10.0;10.0;10.0;7.33;0.12;0.0;Green;5218125.0
650;1009;1007;Arabica;Brazil;nan;nan;m;7.67;7.75;7.83;7.75;7.83;7.75;10.0;6.67;10.0;7.75;0.12;0.0;Green;18000.0
651;1010;1008;Arabica;Tanzania, United Republic Of;nan;1525 m;m;7.33;7.33;7.08;7.42;7.17;7.33;10.0;10.0;10.0;7.33;0.12;0.0;Green;60.0
652;1011;1009;Arabica;Uganda;nan;1700;m;7.33;6.92;7.17;7.33;7.42;7.42;10.0;10.0;10.0;7.42;0.12;0.0;Green;19200.0
653;1012;1010;Arabica;Taiwan;nan;1100 m;m;7.5;6.92;7.33;7.33;7.33;7.33;10.0;10.0;10.0;7.25;0.11;0.0;Green;300.0
654;1014;1012;Arabica;Mexico;nan;950;m;7.08;7.33;7.33;7.33;7.42;7.25;10.0;10.0;10.0;7.25;0.12;0.0;Green;10.0
655;1017;1015;Arabica;Guatemala;11/23/0689;1901;m;7.67;7.67;7.33;7.58;7.67;7.5;9.33;9.33;9.33;7.5;0.1;0.0;Green;1725.0
656;1018;1016;Arabica;Kenya;CN 70741;1600;m;7.17;7.58;7.5;7.5;8.0;7.75;10.0;10.0;10.0;5.42;0.11;0.0;Green;9000.0
657;1019;1017;Arabica;Mexico;240LVCF;1100;m;7.5;7.33;7.17;7.42;7.5;7.33;9.33;10.0;10.0;7.33;0.11;0.0;Green;16560.0
658;1022;1020;Arabica;Tanzania, United Republic Of;nan;1700;m;7.33;7.17;7.17;7.25;7.42;7.33;10.0;10.0;10.0;7.25;0.12;0.0;Green;15000.0
659;1023;1021;Arabica;Brazil;nan;1200;m;7.25;7.33;7.25;7.25;7.25;7.33;10.0;10.0;10.0;7.25;0.12;0.0;Green;18000.0
660;1024;1022;Arabica;Taiwan;nan;550??;m;7.92;7.67;7.33;7.08;7.08;7.08;10.0;10.0;10.0;6.75;0.09;0.0;Green;600.0
661;1025;1023;Arabica;Brazil;nan;1100;m;7.17;7.42;7.17;7.25;7.25;7.33;10.0;10.0;10.0;7.33;0.1;0.0;None;640.0
662;1027;1025;Arabica;Guatemala;nan;5000 ft.;ft;7.58;7.42;6.92;7.5;7.25;7.17;10.0;10.0;10.0;7.08;0.12;2.0;Green;17250.0
663;1029;1027;Arabica;Taiwan;nan;688 m;m;7.25;7.17;7.08;7.08;7.08;8.08;10.0;10.0;10.0;7.17;0.11;0.0;Green;150.0
664;1030;1028;Arabica;Taiwan;nan;300 m;m;7.42;7.25;7.25;7.25;7.25;7.25;10.0;10.0;10.0;7.25;0.11;0.0;Green;200.0
665;1031;1029;Arabica;Mexico;nan;1186;m;7.58;7.33;7.08;7.5;7.17;7.25;10.0;10.0;10.0;7.0;0.13;0.0;Green;60.0
666;1034;1032;Arabica;Guatemala;nan;1200;m;7.67;7.25;7.08;7.33;7.17;7.25;10.0;10.0;10.0;7.08;0.11;0.0;Green;250.0
667;1035;1033;Arabica;Mexico;nan;1210;m;7.17;7.08;7.25;7.42;7.25;7.33;10.0;10.0;10.0;7.33;0.13;0.0;Green;15.0
668;1036;1034;Arabica;Mexico;nan;1100;m;7.33;7.25;7.33;7.33;7.25;7.17;10.0;10.0;10.0;7.17;0.11;0.0;Green;30.0
669;1037;1035;Arabica;Mexico;nan;100;m;7.5;7.17;7.33;7.25;7.17;7.17;10.0;10.0;10.0;7.25;0.13;0.0;Green;100.0
670;1042;1040;Arabica;Guatemala;nan;5440-5760 metros;ft;7.5;7.33;7.0;7.42;7.17;7.17;10.0;10.0;10.0;7.17;0.12;0.0;Green;18975.0
671;1043;1041;Arabica;Nicaragua;nan;1100.00 mosl;m;7.25;7.25;7.17;7.25;7.33;7.25;10.0;10.0;10.0;7.25;0.12;0.0;Green;18975.0
672;1044;1042;Arabica;Honduras;nan;1450 masl;m;7.5;7.33;7.0;7.42;7.25;7.17;10.0;10.0;10.0;7.08;0.11;0.0;Green;275.0
673;1045;1043;Arabica;Panama;nan;1680m;m;7.25;7.33;7.17;7.33;7.33;7.17;10.0;10.0;10.0;7.17;0.11;1.0;Green;6000.0
674;1046;1044;Arabica;Honduras;nan;1350;m;7.42;7.17;7.08;7.42;7.25;7.25;10.0;10.0;10.0;7.17;0.09;0.0;Green;275.0
675;1047;1045;Arabica;Honduras;nan;1450 mals;m;7.25;7.33;7.08;7.5;7.25;7.33;10.0;10.0;10.0;7.0;0.13;0.0;Green;275.0
676;1049;1047;Arabica;Mexico;nan;1200;m;7.58;7.33;7.42;7.25;7.5;7.5;9.33;9.33;10.0;7.5;0.11;0.0;Green;30.0
677;1050;1048;Arabica;Haiti;nan;~1000 meters;m;7.42;7.0;7.42;7.25;7.08;7.33;10.0;10.0;10.0;7.25;0.12;0.0;Green;2.0
678;1053;1051;Arabica;Indonesia;nan;1200-1500;m;7.58;7.42;7.0;7.67;7.5;7.5;9.33;9.33;10.0;7.33;0.13;0.0;Blue-Green;6000.0
679;1054;1052;Arabica;Guatemala;nan;1500msnm;m;7.67;7.42;6.83;7.17;7.42;7.17;10.0;10.0;10.0;7.0;0.11;0.0;Green;9000.0
680;1055;1053;Arabica;Costa Rica;nan;1.85;m;7.83;7.5;7.67;7.67;7.83;7.5;6.67;10.0;10.0;8.0;0.11;0.0;Blue-Green;240.0
681;1056;1054;Arabica;Malawi;nan;990-1000m;m;7.5;7.25;7.17;7.17;7.25;7.17;10.0;10.0;10.0;7.17;0.12;0.0;Bluish-Green;6000.0
682;1057;1055;Arabica;Mexico;nan;1200;m;7.25;7.17;7.17;7.25;7.17;7.42;10.0;10.0;10.0;7.25;0.12;0.0;Green;20.0
683;1059;1057;Arabica;Guatemala;nan;1550;m;7.67;7.17;7.0;7.5;7.0;7.0;10.0;10.0;10.0;7.33;0.12;0.0;Green;17250.0
684;1060;1058;Arabica;Guatemala;nan;nan;m;7.0;7.33;7.5;7.33;7.0;7.33;10.0;10.0;10.0;7.17;0.11;0.0;Green;250.0
685;1061;1059;Arabica;Guatemala;nan;nan;m;7.0;7.5;7.33;7.17;7.17;7.17;10.0;10.0;10.0;7.33;0.11;0.0;Green;250.0
686;1063;1061;Arabica;Brazil;91;nan;m;7.33;7.25;7.33;7.08;7.58;7.25;9.33;10.0;10.0;7.42;0.11;0.0;Green;5640.0
687;1064;1062;Arabica;Nicaragua;017-053-0046;nan;m;7.08;7.5;7.0;7.25;7.42;7.0;10.0;10.0;10.0;7.33;0.11;0.0;Green;18975.0
688;1065;1063;Arabica;Tanzania, United Republic Of;nan;1400;m;7.25;7.08;7.08;7.33;7.33;7.25;10.0;10.0;10.0;7.25;0.12;0.0;Bluish-Green;600.0
689;1067;1065;Arabica;Honduras;nan;1400 m.s.n.m.;m;7.5;7.17;7.0;7.42;7.33;7.0;10.0;10.0;10.0;7.17;0.11;0.0;Green;18975.0
690;1068;1066;Arabica;Guatemala;nan;4540 metros;ft;7.17;7.42;6.83;7.5;7.17;7.25;10.0;10.0;10.0;7.25;0.11;0.0;Green;18975.0
691;1072;1070;Arabica;Guatemala;11/15/0293;1500;m;7.33;7.25;7.08;7.17;7.25;7.17;10.0;10.0;10.0;7.25;0.1;0.0;Green;18975.0
692;1073;1071;Arabica;Honduras;331;1650;m;7.58;7.33;7.0;7.17;7.33;7.08;10.0;10.0;10.0;7.0;0.11;0.0;Green;1035.0
693;1074;1072;Arabica;Mauritius;K7 Chamarel 2015;280;m;7.25;7.25;7.17;7.17;7.25;7.17;10.0;10.0;10.0;7.25;0.12;0.0;Green;2.0
694;1075;1073;Arabica;Brazil;nan;1250 m;m;7.25;7.33;7.17;7.5;7.33;7.25;9.33;10.0;10.0;7.33;0.11;0.0;Green;18000.0
695;1077;1075;Arabica;Guatemala;nan;4000 p.s.n.m.;ft;7.5;7.17;6.83;7.5;7.17;7.17;10.0;10.0;10.0;7.17;0.11;0.0;Green;18975.0
696;1078;1076;Arabica;Brazil;nan;1250;m;7.42;7.42;7.08;7.33;7.67;7.5;9.33;9.33;10.0;7.42;0.1;0.0;None;18000.0
697;1080;1078;Arabica;Guatemala;nan;6100 metros;ft;7.5;7.5;7.0;7.67;7.17;7.0;10.0;10.0;10.0;6.67;0.12;1.0;Green;250.0
698;1081;1079;Arabica;Mexico;nan;1450;m;7.25;7.25;7.08;7.33;7.25;7.17;10.0;10.0;10.0;7.17;0.15;0.0;None;18.0
699;1082;1080;Arabica;Honduras;115;1450;m;7.25;7.42;7.0;7.42;7.33;7.0;10.0;10.0;10.0;7.0;0.1;0.0;Green;18975.0
700;1083;1081;Arabica;Taiwan;nan;600??;m;7.58;7.17;7.17;7.17;7.17;7.17;10.0;10.0;10.0;7.0;0.14;0.0;Green;600.0
701;1085;1083;Arabica;China;nan;1700;m;7.25;7.08;7.25;7.17;7.33;7.17;10.0;10.0;10.0;7.17;0.17;0.0;Green;2.0
702;1091;1085;Arabica;Mexico;nan;1050;m;6.92;7.17;7.08;7.5;7.33;7.17;10.0;10.0;10.0;7.25;0.1;2.0;Green;250.0
703;1092;1086;Arabica;Mexico;nan;1550;m;7.42;7.08;7.08;7.33;7.25;7.17;10.0;10.0;10.0;7.08;0.12;4.0;Green;250.0
704;1093;1087;Arabica;Burundi;601;1700;m;7.08;7.25;7.17;7.33;7.08;7.08;10.0;10.0;10.0;7.33;0.12;0.0;Green;18000.0
705;1094;1088;Arabica;Tanzania, United Republic Of;nan;1700;m;7.25;7.17;7.0;7.25;7.42;7.08;10.0;10.0;10.0;7.17;0.13;0.0;Green;600.0
706;1095;1089;Arabica;Tanzania, United Republic Of;nan;nan;m;7.25;7.17;7.25;7.25;7.25;7.08;10.0;10.0;10.0;7.08;0.12;0.0;Bluish-Green;60.0
707;1096;1090;Arabica;Taiwan;nan;600 m;m;7.25;7.25;7.08;7.25;7.25;7.25;10.0;10.0;10.0;7.0;0.11;0.0;Green;300.0
708;1097;1091;Arabica;Guatemala;nan;4300;ft;7.33;7.33;6.83;7.5;7.0;7.17;10.0;10.0;10.0;7.17;0.11;1.0;Green;17250.0
709;1098;1092;Arabica;Mexico;nan;940;m;7.25;7.08;7.08;7.33;7.33;7.17;10.0;10.0;10.0;7.08;0.11;0.0;Green;10.0
710;1101;1095;Arabica;Brazil;2017-003;995;m;7.17;7.33;7.42;7.08;7.0;7.0;10.0;10.0;10.0;7.25;0.11;0.0;Green;25960.0
711;1102;1096;Arabica;Honduras;102;1400;m;7.25;7.25;7.0;7.0;7.42;7.0;10.0;10.0;10.0;7.33;0.1;0.0;Green;18975.0
712;1103;1097;Arabica;Mexico;cosecha 2015-2016;1600;m;7.25;7.17;7.0;7.33;7.33;7.0;10.0;10.0;10.0;7.17;0.1;0.0;Green;4140.0
713;1104;1098;Arabica;Myanmar;nan;3000 ft;ft;8.0;7.08;7.0;7.33;7.08;6.92;10.0;10.0;10.0;6.83;0.11;1.0;Green;4.0
714;1106;1100;Arabica;Nicaragua;nan;900 m.s.n.m.;m;7.08;6.92;7.0;7.25;7.5;7.25;10.0;10.0;10.0;7.25;0.11;0.0;Green;18975.0
715;1108;1102;Arabica;Colombia;nan;nan;m;7.42;8.0;7.83;7.75;8.08;7.58;8.67;8.67;8.67;7.58;0.1;0.0;Green;2.0
716;1109;1103;Arabica;Taiwan;nan;700 m;m;7.25;7.08;7.25;7.25;7.17;7.25;10.0;10.0;10.0;7.0;0.11;0.0;Green;150.0
717;1110;1104;Arabica;Guatemala;nan;1400;m;7.0;7.17;7.33;7.33;7.0;7.17;10.0;10.0;10.0;7.25;0.11;1.0;Green;250.0
718;1111;1105;Arabica;Mexico;nan;808;m;7.58;7.33;7.17;7.25;6.75;7.0;10.0;10.0;10.0;7.17;0.11;2.0;None;10.0
719;1114;1108;Arabica;Honduras;nan;1400 msnm;m;7.25;7.25;7.0;7.17;7.08;7.08;10.0;10.0;10.0;7.33;0.11;0.0;Green;275.0
720;1115;1109;Arabica;Guatemala;nan;4300;ft;7.33;7.33;7.0;7.17;7.17;7.17;10.0;10.0;10.0;7.0;0.11;0.0;Green;17250.0
721;1116;1110;Arabica;Mexico;nan;1250;m;7.33;7.08;6.92;7.42;7.25;7.08;10.0;10.0;10.0;7.08;0.11;0.0;Green;20.0
722;1117;1111;Arabica;Mexico;nan;1550;m;7.58;7.42;7.33;7.5;7.08;7.17;8.67;10.0;10.0;7.42;0.14;1.0;Green;15.0
723;1118;1112;Arabica;Mexico;nan;1000;m;7.33;7.33;7.17;7.08;7.25;7.0;10.0;10.0;10.0;7.0;0.12;0.0;Green;15.0
724;1119;1113;Arabica;Guatemala;nan;4300;ft;7.33;7.33;7.0;7.33;7.0;7.0;10.0;10.0;10.0;7.17;0.11;0.0;Green;250.0
725;1121;1115;Arabica;Brazil;BR5691;1100;m;7.17;7.17;7.0;7.17;7.25;7.25;10.0;10.0;10.0;7.08;0.11;0.0;Green;26400.0
726;1122;1116;Arabica;Taiwan;nan;850??;m;7.42;7.25;7.25;7.17;7.0;7.0;10.0;10.0;10.0;7.0;0.07;0.0;Green;600.0
727;1124;1118;Arabica;Taiwan;nan;200 m;m;7.25;7.25;7.25;7.25;7.08;7.0;10.0;10.0;10.0;7.0;0.11;0.0;Green;300.0
728;1125;1119;Arabica;Taiwan;nan;150 m;m;7.25;7.25;7.25;7.0;7.25;7.08;10.0;10.0;10.0;7.0;0.11;0.0;Green;300.0
729;1126;1120;Arabica;Taiwan;nan;250 m;m;7.25;7.25;7.25;7.08;7.17;7.08;10.0;10.0;10.0;7.0;0.11;0.0;Green;300.0
730;1127;1121;Arabica;Mexico;nan;1300;m;7.33;7.17;7.25;7.08;7.08;7.08;10.0;10.0;10.0;7.08;0.15;0.0;None;13.0
731;1128;1122;Arabica;Mexico;nan;1300;m;7.25;7.08;7.0;7.17;7.33;7.17;10.0;10.0;10.0;7.08;0.14;1.0;Green;10.0
732;1129;1123;Arabica;Nicaragua;605135 / K1730103;1250;m;7.33;7.08;6.92;7.08;7.42;7.17;10.0;10.0;10.0;7.0;0.1;0.0;Green;18975.0
733;1132;1126;Arabica;Taiwan;nan;250 m;m;7.25;7.25;7.25;7.0;7.25;7.0;10.0;10.0;10.0;7.0;0.11;0.0;Green;300.0
734;1134;1128;Arabica;Mexico;nan;1250;m;7.25;7.25;7.08;7.17;7.33;7.33;9.33;10.0;10.0;7.25;0.12;0.0;Green;20.0
735;1135;1129;Arabica;Mexico;nan;1100;m;7.08;7.33;7.0;7.33;7.08;7.0;10.0;10.0;10.0;7.17;0.11;0.0;Green;256.0
736;1138;1132;Arabica;United States (Hawaii);nan;nan;ft;7.5;7.0;7.0;6.92;7.33;7.17;10.0;10.0;10.0;7.0;0.11;1.0;Green;1200.0
737;1139;1133;Arabica;Mexico;nan;1300;m;7.33;7.08;7.08;7.33;7.42;7.17;9.33;10.0;10.0;7.17;0.12;0.0;Green;400.0
738;1140;1134;Arabica;Mexico;nan;1100;m;7.17;7.17;6.92;7.25;7.33;7.08;10.0;10.0;10.0;7.0;0.12;1.0;Green;10.0
739;1142;1136;Arabica;Mexico;nan;1100;m;7.17;7.08;7.08;7.08;7.5;7.33;9.33;10.0;10.0;7.33;0.11;0.0;Green;250.0
740;1143;1137;Arabica;Mexico;nan;1250;m;7.33;7.25;7.0;7.42;7.17;7.17;9.33;10.0;10.0;7.25;0.12;0.0;Green;100.0
741;1144;1138;Arabica;Mexico;nan;1250;m;7.17;7.33;7.08;7.58;7.33;7.08;10.0;9.33;10.0;7.0;0.11;0.0;Green;209.0
742;1147;1141;Arabica;Guatemala;11/23/0639;1700;m;7.33;7.25;6.92;7.33;7.25;7.33;9.33;10.0;10.0;7.08;0.1;0.0;Green;3450.0
743;1148;1142;Arabica;Nicaragua;nan;1250;m;6.83;7.17;7.17;6.92;7.5;7.08;10.0;10.0;10.0;7.17;0.11;0.0;Green;150.0
744;1149;1143;Arabica;Mexico;nan;1300;m;7.17;7.08;7.0;7.25;7.5;7.0;10.0;10.0;10.0;6.83;0.12;0.0;Green;250.0
745;1151;1145;Arabica;Guatemala;11/23/0507;1901.64;m;7.5;7.42;7.25;7.58;7.33;7.42;9.33;9.33;9.33;7.25;0.1;0.0;Green;1725.0
746;1153;1147;Arabica;Taiwan;nan;500-700m;m;7.08;7.08;7.25;7.0;7.17;7.17;10.0;10.0;10.0;7.0;0.1;0.0;Blue-Green;1000.0
747;1154;1148;Arabica;Thailand;nan;800++;m;7.25;7.08;6.92;7.5;7.08;6.92;10.0;10.0;10.0;7.0;0.12;0.0;Green;1.0
748;1156;1150;Arabica;Costa Rica;nan;1100;m;7.58;7.5;7.67;7.75;7.67;7.58;8.0;8.0;10.0;8.0;0.1;0.0;Bluish-Green;550.0
749;1157;1151;Arabica;Mexico;nan;1400;m;7.58;7.08;7.0;7.0;7.5;6.92;10.0;10.0;10.0;6.67;0.12;0.0;Green;310.0
750;1158;1152;Arabica;Mexico;nan;1022;m;7.58;7.08;6.92;7.58;7.5;6.92;10.0;9.33;10.0;6.83;0.13;0.0;Green;275.0
751;1159;1153;Arabica;Mexico;nan;1300;m;7.25;7.08;7.0;7.17;7.17;7.08;10.0;10.0;10.0;7.0;0.12;0.0;Green;380.0
752;1160;1154;Arabica;Mexico;nan;1450;m;7.25;7.17;7.17;7.08;7.17;7.0;10.0;10.0;10.0;6.92;0.14;0.0;None;12.0
753;1161;1155;Arabica;Mexico;nan;1050;m;7.33;7.25;7.0;7.08;7.08;7.0;10.0;10.0;10.0;7.0;0.1;1.0;Green;250.0
754;1164;1158;Arabica;Guatemala;11/23/0508;4000;ft;7.42;7.42;7.25;7.58;7.42;7.33;9.33;9.33;9.33;7.25;0.1;0.0;Green;1725.0
755;1166;1160;Arabica;Thailand;nan;800++;m;6.92;7.17;6.83;7.42;7.17;7.08;10.0;10.0;10.0;7.08;0.12;0.0;Blue-Green;1.0
756;1167;1161;Arabica;Guatemala;nan;4300;ft;7.5;7.0;6.83;7.08;7.08;7.17;10.0;10.0;10.0;7.0;0.11;0.0;Green;17250.0
757;1168;1162;Arabica;Mexico;nan;1400;m;7.42;7.25;6.83;7.58;7.17;6.58;10.0;10.0;10.0;6.83;0.12;0.0;Green;310.0
758;1169;1163;Arabica;Mexico;nan;975;m;7.33;7.17;7.0;6.75;7.08;7.0;10.0;10.0;10.0;7.33;0.13;5.0;None;10.0
759;1172;1166;Arabica;Mexico;nan;1250;m;7.08;7.0;6.92;7.33;7.25;7.08;10.0;10.0;10.0;6.92;0.12;0.0;None;50.0
760;1173;1167;Arabica;Mexico;nan;1550;m;7.25;6.92;6.92;7.33;7.25;7.0;10.0;10.0;10.0;6.92;0.13;0.0;Green;250.0
761;1176;1170;Arabica;Nicaragua;nan;1050;m;6.92;6.92;7.0;7.42;7.25;7.0;10.0;10.0;10.0;7.0;0.12;0.0;Green;18975.0
762;1179;1173;Arabica;Mexico;nan;1550;m;7.25;7.08;6.92;7.25;7.58;7.08;9.33;10.0;10.0;7.0;0.12;1.0;Green;250.0
763;1180;1174;Arabica;Mexico;nan;1100;m;7.25;7.33;7.0;7.25;7.17;7.17;9.33;10.0;10.0;7.0;0.12;0.0;Bluish-Green;127.0
764;1181;1175;Arabica;Guatemala;nan;4000 p.s.n.m.;ft;7.08;7.33;7.25;7.58;7.33;7.42;9.33;9.33;9.33;7.42;0.1;0.0;Green;17250.0
765;1182;1176;Arabica;Guatemala;nan;4000 p.s.n.m.;ft;7.25;7.33;6.83;7.0;7.0;7.17;10.0;10.0;10.0;6.83;0.1;1.0;Green;18975.0
766;1183;1177;Arabica;Mexico;nan;800;m;7.0;6.83;6.83;7.42;7.33;7.17;10.0;10.0;10.0;6.83;0.13;0.0;Green;10.0
767;1184;1178;Arabica;Cote d?Ivoire;Lot A 20170519;200;m;7.42;7.25;6.83;7.0;7.33;7.08;9.33;10.0;10.0;7.08;0.13;1.0;Bluish-Green;2.0
768;1186;1180;Arabica;Mexico;nan;950;m;7.0;7.0;6.83;7.33;7.42;6.92;10.0;10.0;10.0;6.83;0.14;0.0;None;30.0
769;1187;1181;Arabica;Mexico;nan;750;m;7.42;7.17;7.08;7.17;7.08;7.08;9.33;10.0;10.0;7.0;0.14;0.0;Green;50.0
770;1188;1182;Arabica;Guatemala;nan;nan;m;7.17;6.5;6.33;7.25;7.58;7.33;10.0;10.0;10.0;7.17;0.11;0.0;Green;250.0
771;1189;1183;Arabica;Taiwan;nan;850;m;7.08;6.83;6.83;7.25;7.42;7.08;10.0;10.0;10.0;6.75;0.11;0.0;Blue-Green;1000.0
772;1190;1184;Arabica;Mexico;nan;1000;m;7.0;7.0;6.92;7.17;7.17;7.08;10.0;10.0;10.0;6.92;0.13;0.0;Green;12.0
773;1191;1185;Arabica;Guatemala;11/23/0632;4000;ft;7.33;7.42;7.33;7.42;7.5;7.42;8.67;9.33;9.33;7.42;0.1;0.0;Green;3450.0
774;1192;1186;Arabica;Honduras;Lot # 331;1650;m;7.58;7.0;6.75;6.92;7.0;6.92;10.0;10.0;10.0;7.0;0.11;0.0;Green;1035.0
775;1193;1187;Arabica;Guatemala;11/23/0168;1320;m;7.08;7.0;6.92;7.42;7.0;6.92;10.0;10.0;10.0;6.83;0.11;0.0;Green;17250.0
776;1194;1188;Arabica;Guatemala;nan;1300 a 1800 metros sobre el nivel del mar;m;7.25;7.17;6.75;7.25;7.0;6.92;10.0;10.0;10.0;6.83;0.11;0.0;Green;18975.0
777;1195;1189;Arabica;Costa Rica;nan;nan;m;7.17;7.42;7.5;8.0;7.25;7.83;10.0;10.0;6.67;7.33;0.1;5.0;None;2.0
778;1196;1190;Arabica;Mexico;nan;1550;m;7.25;7.08;6.92;7.08;7.17;7.17;9.33;10.0;10.0;7.17;0.14;0.0;None;10.0
779;1197;1191;Arabica;Mexico;nan;1450;m;7.17;6.92;6.92;7.08;7.17;7.0;10.0;10.0;10.0;6.92;0.14;0.0;Green;53.0
780;1199;1193;Arabica;Guatemala;11/23/0693;1700;m;7.58;7.67;7.42;7.42;7.67;7.67;8.67;8.67;8.67;7.67;0.1;0.0;Green;3450.0
781;1201;1195;Arabica;Mexico;nan;1500;m;7.33;7.0;6.92;7.25;7.33;7.08;9.33;10.0;10.0;6.83;0.16;0.0;None;13.0
782;1202;1196;Arabica;Mexico;nan;1100;m;7.25;7.08;6.75;7.33;7.42;7.0;9.33;10.0;10.0;6.92;0.11;0.0;Green;10.0
783;1203;1197;Arabica;Mexico;nan;1200;m;7.17;7.25;7.25;7.17;7.25;7.08;9.33;9.33;10.0;7.25;0.1;0.0;Bluish-Green;10.0
784;1205;1199;Arabica;Guatemala;nan;4000;ft;7.33;7.17;6.58;7.42;7.08;6.83;10.0;10.0;10.0;6.58;0.12;0.0;Green;17250.0
785;1206;1200;Arabica;Honduras;nan;1350;m;7.0;7.0;7.0;7.0;7.0;7.0;10.0;10.0;10.0;7.0;0.11;0.0;Green;550.0
786;1208;1202;Arabica;Mexico;nan;1300;m;6.75;7.08;6.67;7.25;7.17;7.08;10.0;10.0;10.0;7.0;0.12;0.0;None;14.0
787;1209;1203;Arabica;Mexico;nan;1550;m;7.5;7.17;6.92;7.5;7.25;7.0;8.67;10.0;10.0;7.0;0.14;3.0;Green;16.0
788;1210;1204;Arabica;Mexico;nan;12oo;m;7.17;6.83;6.83;7.25;7.17;6.92;10.0;10.0;10.0;6.83;0.14;7.0;Green;120.0
789;1211;1205;Arabica;Mexico;nan;1300;m;7.33;7.0;6.75;7.08;7.17;7.25;9.33;10.0;10.0;7.0;0.12;0.0;Green;250.0
790;1212;1206;Arabica;Mexico;nan;1400;m;7.5;7.0;6.92;7.08;6.92;6.75;10.0;10.0;10.0;6.75;0.16;0.0;None;14.0
791;1213;1207;Arabica;Nicaragua;017-053-0211/053-0212;1100;m;7.17;7.0;6.92;7.0;7.0;7.0;10.0;10.0;10.0;6.75;0.1;0.0;Green;1.0
792;1215;1209;Arabica;Guatemala;nan;4300;ft;7.33;7.08;6.33;7.25;7.0;7.0;10.0;10.0;10.0;6.75;0.12;1.0;Green;17250.0
793;1216;1210;Arabica;Mexico;nan;1320;m;7.25;6.83;6.83;7.0;7.17;7.0;10.0;10.0;10.0;6.67;0.14;0.0;Green;20.0
794;1217;1211;Arabica;Mexico;nan;1250;m;7.25;7.33;7.17;7.25;7.08;7.0;8.67;10.0;10.0;7.0;0.14;0.0;None;35.0
795;1220;1214;Arabica;Mexico;nan;1150;m;6.92;6.92;6.67;7.25;7.17;6.92;10.0;10.0;10.0;6.83;0.13;0.0;None;20.0
796;1221;1215;Arabica;Nicaragua;017-053-0046;nan;m;7.08;7.0;6.75;6.83;7.08;6.92;10.0;10.0;10.0;6.92;0.1;1.0;Green;18975.0
797;1222;1216;Arabica;Nicaragua;nan;nan;m;6.83;7.08;6.92;6.75;7.25;7.08;10.0;10.0;10.0;6.67;0.11;1.0;Green;550.0
798;1223;1217;Arabica;Guatemala;nan;4000 psnm;ft;7.33;7.17;6.92;7.58;7.25;7.17;8.67;9.33;10.0;7.17;0.12;0.0;Green;17250.0
799;1224;1218;Arabica;Taiwan;nan;800m;m;6.83;6.75;7.17;7.25;7.0;6.92;10.0;10.0;10.0;6.67;0.1;0.0;Green;1000.0
800;1225;1219;Arabica;Mexico;nan;1400;m;7.0;7.0;6.75;7.33;6.92;6.92;10.0;10.0;10.0;6.67;0.13;0.0;Green;250.0
801;1229;1223;Arabica;Mexico;nan;1400;m;7.08;6.83;6.83;7.0;7.0;6.92;10.0;10.0;10.0;6.83;0.12;0.0;None;10.0
802;1230;1224;Arabica;Mexico;nan;1200;m;7.25;7.17;7.0;6.83;7.58;7.08;8.67;10.0;10.0;6.92;0.13;1.0;Green;20.0
803;1231;1225;Arabica;Brazil;nan;nan;m;6.83;7.0;6.92;7.08;6.92;6.83;10.0;10.0;10.0;6.83;0.12;3.0;Green;18000.0
804;1232;1226;Arabica;Mexico;nan;1500;m;7.58;7.17;7.0;7.17;7.33;7.0;8.0;10.0;10.0;7.17;0.14;0.0;None;10.0
805;1234;1228;Arabica;Guatemala;nan;4000 p.s.n.m;ft;7.17;6.5;6.67;7.0;7.17;7.17;10.0;10.0;10.0;6.67;0.1;0.0;Green;18975.0
806;1235;1229;Arabica;Guatemala;nan;4300;ft;7.17;7.17;6.5;7.17;7.0;6.83;10.0;10.0;10.0;6.5;0.11;1.0;Green;250.0
807;1236;1230;Arabica;Mexico;nan;1300;m;7.25;7.25;7.0;7.5;7.33;7.42;8.0;9.33;10.0;7.75;0.13;31.0;Green;100.0
808;1237;1231;Arabica;Guatemala;nan;nan;m;7.17;6.08;6.17;7.25;7.33;7.33;10.0;10.0;10.0;7.0;0.11;0.0;Green;250.0
809;1241;1235;Arabica;Mexico;nan;1050;m;7.08;6.83;6.67;7.25;7.25;6.92;10.0;9.33;10.0;6.75;0.11;0.0;Green;320.0
810;1243;1237;Arabica;Honduras;nan;1350;m;6.83;7.0;6.67;7.0;7.0;6.83;10.0;10.0;10.0;6.67;0.11;2.0;Green;550.0
811;1245;1239;Arabica;Guatemala;nan;4000 p.s.n.m;ft;7.42;7.25;6.83;7.33;7.0;6.92;9.33;9.33;9.33;7.25;0.1;1.0;Green;18975.0
812;1246;1240;Arabica;China;nan;1200 meters;m;7.33;7.17;6.92;7.08;7.33;7.0;9.33;9.33;9.33;7.17;0.1;0.0;Green;32.0
813;1247;1241;Arabica;Guatemala;nan;4300;ft;7.0;6.83;6.83;7.17;6.67;6.83;10.0;10.0;10.0;6.67;0.11;3.0;Green;17250.0
814;1248;1242;Arabica;Mexico;nan;850;m;7.25;7.33;7.0;7.0;7.25;7.08;10.0;10.0;8.0;7.08;0.12;2.0;Green;10.0
815;1249;1243;Arabica;Colombia;nan;nan;m;7.42;7.17;7.0;7.17;7.67;7.17;8.67;9.33;9.33;7.08;0.1;1.0;Green;14140.0
816;1250;1244;Arabica;Costa Rica;nan;1200 msm;m;7.5;7.25;7.42;7.0;7.08;6.83;8.67;9.33;10.0;6.83;0.12;2.0;Green;250.0
817;1251;1245;Arabica;Mexico;nan;1248;m;7.42;7.25;7.0;7.0;7.25;7.08;8.0;10.0;10.0;6.92;0.11;0.0;Green;50.0
818;1252;1246;Arabica;Guatemala;nan;nan;m;7.17;6.17;6.17;7.08;7.33;6.83;10.0;10.0;10.0;7.17;0.11;0.0;Green;250.0
819;1253;1247;Arabica;Nicaragua;017/105/16039;1000;m;7.42;7.0;7.0;7.17;7.08;7.0;9.33;8.67;10.0;7.17;0.1;0.0;Bluish-Green;18975.0
820;1255;1249;Arabica;Guatemala;nan;4300;ft;7.0;6.83;6.67;7.17;6.83;6.83;10.0;10.0;10.0;6.5;0.11;0.0;Green;250.0
821;1256;1250;Arabica;Taiwan;nan;750-800 m;m;7.17;6.75;6.58;7.33;7.33;7.17;9.33;9.33;10.0;6.67;0.11;0.0;Bluish-Green;1000.0
822;1258;1252;Arabica;Mexico;nan;1300;m;7.17;6.75;6.58;6.75;6.83;6.75;10.0;10.0;10.0;6.67;0.13;0.0;Green;23.0
823;1259;1253;Arabica;Guatemala;nan;4300;ft;7.08;6.92;6.33;7.0;6.92;7.0;10.0;10.0;10.0;6.17;0.11;2.0;Green;250.0
824;1261;1255;Arabica;Guatemala;nan;4000 p.s.n.m.;ft;7.33;7.0;6.83;7.17;7.17;7.17;9.33;9.33;9.33;6.67;0.1;1.0;Green;18975.0
825;1262;1256;Arabica;Mexico;nan;1500;m;7.33;7.0;6.67;7.0;6.92;6.92;9.33;9.33;10.0;6.83;0.15;4.0;None;10.0
826;1265;1259;Arabica;Mexico;nan;1200;m;7.08;7.0;7.0;7.25;7.33;7.25;8.67;8.67;10.0;6.92;0.12;1.0;Green;10.0
827;1269;1263;Arabica;Guatemala;nan;nan;m;6.42;6.5;6.5;7.33;6.33;6.92;10.0;10.0;10.0;6.5;0.12;0.0;None;500.0
828;1270;1264;Arabica;Mexico;nan;1100;m;7.17;6.58;6.58;7.0;7.25;6.58;9.33;9.33;10.0;6.58;0.13;0.0;Green;10.0
829;1271;1265;Arabica;Guatemala;nan;4300;ft;7.5;7.0;6.83;7.5;7.17;7.33;8.67;8.67;8.67;7.0;0.11;0.0;Green;17250.0
830;1275;1269;Arabica;Mexico;nan;1400;m;7.42;7.0;6.83;7.08;6.92;6.83;7.33;10.0;10.0;6.75;0.16;2.0;None;11.0
831;1276;1270;Arabica;Indonesia;nan;3500;m;7.33;7.0;6.5;6.08;7.58;6.33;9.33;10.0;9.33;6.67;0.12;4.0;None;30.0
832;1277;1271;Arabica;Mexico;nan;1250;m;7.08;6.83;6.83;7.17;7.17;7.08;10.0;7.33;10.0;6.58;0.12;0.0;Green;20.0
833;1278;1272;Arabica;Honduras;nan;1350;m;6.83;6.83;6.67;6.83;7.0;6.83;9.33;8.67;10.0;7.0;0.11;0.0;Green;550.0
834;1279;1273;Arabica;Philippines;nan;1000+ meters;m;6.83;6.5;6.5;6.92;6.75;7.0;9.33;10.0;9.33;6.67;0.12;0.0;Green;2.0
835;1280;1274;Arabica;Brazil;2017/2018-Lot01;nan;m;7.17;7.0;6.83;7.5;7.17;7.0;8.0;8.0;10.0;7.0;0.11;0.0;Green;25960.0
836;1281;1275;Arabica;Guatemala;nan;4300;ft;7.92;7.58;7.17;7.58;7.33;7.17;8.0;8.0;8.0;6.83;0.11;0.0;Green;250.0
837;1283;1277;Arabica;Mexico;nan;1100;m;7.5;7.25;6.92;7.0;7.17;6.83;8.0;8.0;10.0;6.83;0.11;4.0;Green;10.0
838;1284;1278;Arabica;Mexico;nan;1200;m;7.17;6.92;6.67;6.83;7.25;7.75;10.0;6.0;10.0;6.58;0.11;0.0;Green;100.0
839;1286;1280;Arabica;Mexico;nan;1280;m;7.17;7.17;6.83;7.17;7.42;6.67;8.67;7.33;10.0;6.75;0.13;23.0;Bluish-Green;18.0
840;1287;1281;Arabica;Mexico;nan;850;m;7.0;6.92;6.75;6.92;7.17;6.83;10.0;6.67;10.0;6.75;0.14;15.0;Green;43.0
841;1288;1282;Arabica;Mexico;nan;1500;m;7.08;6.75;6.58;7.0;7.0;6.75;8.67;8.67;10.0;6.42;0.17;0.0;None;14.0
842;1289;1283;Arabica;Mexico;nan;1250;m;7.33;6.75;6.67;7.25;7.5;7.0;10.0;5.33;10.0;7.0;0.12;0.0;Green;20.0
843;1293;1286;Arabica;Mexico;nan;1700;m;7.08;7.0;6.83;7.5;7.33;6.83;8.0;7.33;10.0;6.75;0.12;0.0;Green;275.0
844;1295;1288;Arabica;Guatemala;nan;4300;ft;6.5;6.33;6.5;7.5;7.33;6.83;8.67;10.0;8.67;6.0;0.11;1.0;Green;17250.0
845;1296;1289;Arabica;Mexico;nan;1140;m;7.0;6.58;6.67;6.83;7.08;6.83;10.0;6.67;10.0;6.67;0.14;3.0;Green;20.0
846;1297;1290;Arabica;Mexico;nan;1200;m;6.92;6.42;6.17;7.33;7.25;6.75;10.0;6.67;10.0;6.5;0.13;0.0;None;100.0
847;1298;1291;Arabica;Mexico;nan;1250;m;7.67;7.0;7.17;7.58;7.33;7.33;10.0;2.67;10.0;7.08;0.12;0.0;Green;20.0
848;1300;1293;Arabica;Brazil;43102245/P4615;nan;m;7.25;6.58;6.58;7.0;7.0;6.42;8.0;8.0;10.0;6.67;0.11;0.0;Green;18000.0
849;1301;1294;Arabica;Honduras;nan;1350;m;7.0;7.17;6.83;7.17;7.0;7.17;8.0;8.0;8.0;7.08;0.11;1.0;Green;550.0
850;1306;1299;Arabica;Costa Rica;nan;1200 msm;m;6.33;6.5;6.33;6.83;6.33;6.5;10.0;6.67;10.0;6.25;0.11;0.0;Green;250.0
851;1307;1300;Arabica;Mexico;nan;800;m;6.92;6.92;6.92;6.92;7.17;7.0;10.0;2.67;10.0;6.58;0.12;4.0;Green;10.0
852;1308;1301;Arabica;Mexico;nan;1800;m;6.5;6.67;6.42;7.17;7.33;6.5;8.0;6.0;10.0;6.42;0.11;0.0;Green;25.0
853;1309;1302;Arabica;Mexico;nan;1000 meters;m;6.92;7.0;6.83;6.92;7.42;6.92;6.0;6.0;10.0;6.75;0.12;0.0;Green;560.0
854;1310;1303;Arabica;Brazil;2017/2018 - Lot 2;nan;m;7.0;7.0;6.83;7.0;7.33;6.83;6.0;6.0;10.0;6.67;0.11;0.0;Green;17995.0
855;1311;1304;Arabica;Honduras;nan;1450 msnm;m;6.67;6.5;6.17;6.67;6.83;6.17;8.0;8.0;8.0;6.33;0.1;0.0;Green;275.0
856;1312;1305;Arabica;Honduras;nan;1450 msnm;m;7.0;6.17;6.17;6.67;6.5;6.17;8.0;8.0;8.0;6.5;0.1;0.0;Green;275.0
857;1313;1306;Arabica;Honduras;nan;1450 msnm;m;7.0;6.33;6.17;6.5;6.67;6.17;8.0;8.0;8.0;6.33;0.1;0.0;Green;275.0
858;1314;1307;Arabica;Mexico;nan;900;m;7.08;6.83;6.25;7.42;7.25;6.75;10.0;0.0;10.0;6.75;0.11;0.0;None;12.0
859;1315;1308;Arabica;Haiti;nan;~350m;m;6.75;6.58;6.42;6.67;7.08;6.67;9.33;6.0;6.0;6.42;0.14;8.0;Blue-Green;2.0
860;1316;1309;Arabica;Nicaragua;017-053-0211/ 017-053-0212;1100;m;7.25;6.58;6.33;6.25;6.42;6.08;6.0;6.0;6.0;6.17;0.13;1.0;Green;37950.0
861;1317;1310;Arabica;Guatemala;nan;4650;ft;7.5;6.67;6.67;7.67;7.33;6.67;8.0;1.33;1.33;6.67;0.1;0.0;Green;275.0
862;1318;1312;Arabica;Honduras;103;1400;m;0.0;0.0;0.0;0.0;0.0;0.0;0.0;0.0;0.0;0.0;0.12;0.0;Green;18975.0
